ID_MARCA,MARCA,ID_LINHA,LINHA,DATA_VENDA,QTD_VENDA
4,VULT,2,PERFUMARIA,2019-01-15,7
4,VULT,2,PERFUMARIA,2019-10-12,2
3,QUEM DISSE BERENICE,5,HIDRATANTES,2019-09-01,3
3,QUEM DISSE BERENICE,3,MAQUIAGEM,2019-07-29,17
1,BOTICÁRIO,4,SOLAR,2019-11-15,19
2,EUDORA,1,CABELOS,2019-03-08,9
2,EUDORA,4,SOLAR,2019-02-24,6
3,QUEM DISSE BERENICE,1,CABELOS,2019-09-27,4
5,BELEZA NA WEB,3,MAQUIAGEM,2019-01-26,12
4,VULT,1,CABELOS,2019-02-24,9
3,QUEM DISSE BERENICE,2,PERFUMARIA,2019-10-18,7
3,QUEM DISSE BERENICE,4,SOLAR,2019-06-03,19
2,EUDORA,5,HIDRATANTES,2019-06-03,14
4,VULT,5,HIDRATANTES,2019-10-08,19
1,BOTICÁRIO,1,CABELOS,2019-05-07,12
2,EUDORA,4,SOLAR,2019-10-29,13
5,BELEZA NA WEB,5,HIDRATANTES,2019-01-05,6
2,EUDORA,5,HIDRATANTES,2019-06-16,18
2,EUDORA,3,MAQUIAGEM,2019-04-22,15
1,BOTICÁRIO,2,PERFUMARIA,2019-07-07,18
4,VULT,5,HIDRATANTES,2019-07-30,14
3,QUEM DISSE BERENICE,4,SOLAR,2019-11-29,9
3,QUEM DISSE BERENICE,2,PERFUMARIA,2019-01-22,14
3,QUEM DISSE BERENICE,2,PERFUMARIA,2019-02-05,19
1,BOTICÁRIO,5,HIDRATANTES,2019-03-15,13
5,BELEZA NA WEB,3,MAQUIAGEM,2019-09-22,6
4,VULT,1,CABELOS,2019-09-26,11
3,QUEM DISSE BERENICE,5,HIDRATANTES,2019-08-20,4
1,BOTICÁRIO,1,CABELOS,2019-03-05,14
1,BOTICÁRIO,3,MAQUIAGEM,2019-05-27,11
3,QUEM DISSE BERENICE,3,MAQUIAGEM,2019-03-05,6
3,QUEM DISSE BERENICE,4,SOLAR,2019-02-19,2
1,BOTICÁRIO,4,SOLAR,2019-01-19,8
3,QUEM DISSE BERENICE,1,CABELOS,2019-08-19,11
4,VULT,2,PERFUMARIA,2019-08-20,9
4,VULT,4,SOLAR,2019-03-06,15
3,QUEM DISSE BERENICE,1,CABELOS,2019-01-13,17
5,BELEZA NA WEB,2,PERFUMARIA,2019-05-17,7
1,BOTICÁRIO,3,MAQUIAGEM,2019-02-03,14
2,EUDORA,4,SOLAR,2019-04-24,15
4,VULT,3,MAQUIAGEM,2019-12-26,20
1,BOTICÁRIO,5,HIDRATANTES,2019-07-18,14
2,EUDORA,4,SOLAR,2019-03-03,11
3,QUEM DISSE BERENICE,2,PERFUMARIA,2019-12-29,1
5,BELEZA NA WEB,3,MAQUIAGEM,2019-07-31,3
1,BOTICÁRIO,2,PERFUMARIA,2019-06-01,12
3,QUEM DISSE BERENICE,4,SOLAR,2019-09-17,11
2,EUDORA,5,HIDRATANTES,2019-02-03,2
4,VULT,5,HIDRATANTES,2019-02-05,8
3,QUEM DISSE BERENICE,4,SOLAR,2019-01-08,9
2,EUDORA,3,MAQUIAGEM,2019-05-27,7
2,EUDORA,2,PERFUMARIA,2019-04-17,3
4,VULT,2,PERFUMARIA,2019-08-31,13
1,BOTICÁRIO,3,MAQUIAGEM,2019-11-02,10
2,EUDORA,4,SOLAR,2019-08-10,20
5,BELEZA NA WEB,2,PERFUMARIA,2019-05-02,8
5,BELEZA NA WEB,5,HIDRATANTES,2019-10-02,15
2,EUDORA,5,HIDRATANTES,2019-09-01,7
1,BOTICÁRIO,4,SOLAR,2019-01-09,16
4,VULT,1,CABELOS,2019-05-23,11
5,BELEZA NA WEB,5,HIDRATANTES,2019-01-25,11
3,QUEM DISSE BERENICE,2,PERFUMARIA,2019-10-16,20
2,EUDORA,2,PERFUMARIA,2019-11-08,7
5,BELEZA NA WEB,4,SOLAR,2019-08-03,3
4,VULT,2,PERFUMARIA,2019-10-14,10
4,VULT,1,CABELOS,2019-01-16,20
1,BOTICÁRIO,2,PERFUMARIA,2019-02-06,20
4,VULT,2,PERFUMARIA,2019-02-20,15
2,EUDORA,1,CABELOS,2019-11-23,5
5,BELEZA NA WEB,2,PERFUMARIA,2019-06-10,1
4,VULT,3,MAQUIAGEM,2019-12-13,16
5,BELEZA NA WEB,4,SOLAR,2019-05-17,6
3,QUEM DISSE BERENICE,4,SOLAR,2019-07-24,11
5,BELEZA NA WEB,4,SOLAR,2019-09-26,15
4,VULT,2,PERFUMARIA,2019-09-18,14
2,EUDORA,4,SOLAR,2019-11-25,11
3,QUEM DISSE BERENICE,5,HIDRATANTES,2019-07-22,3
4,VULT,4,SOLAR,2019-03-08,15
2,EUDORA,5,HIDRATANTES,2019-09-13,19
4,VULT,3,MAQUIAGEM,2019-01-13,3
5,BELEZA NA WEB,4,SOLAR,2019-12-03,2
1,BOTICÁRIO,1,CABELOS,2019-12-16,12
3,QUEM DISSE BERENICE,4,SOLAR,2019-05-21,10
1,BOTICÁRIO,2,PERFUMARIA,2019-04-20,5
2,EUDORA,2,PERFUMARIA,2019-06-05,15
1,BOTICÁRIO,2,PERFUMARIA,2019-01-21,10
4,VULT,3,MAQUIAGEM,2019-05-22,17
5,BELEZA NA WEB,2,PERFUMARIA,2019-12-27,19
3,QUEM DISSE BERENICE,4,SOLAR,2019-05-05,8
1,BOTICÁRIO,1,CABELOS,2019-09-30,10
5,BELEZA NA WEB,5,HIDRATANTES,2019-11-30,17
3,QUEM DISSE BERENICE,3,MAQUIAGEM,2019-09-12,7
5,BELEZA NA WEB,4,SOLAR,2019-12-30,6
2,EUDORA,3,MAQUIAGEM,2019-02-08,16
2,EUDORA,2,PERFUMARIA,2019-10-19,19
4,VULT,3,MAQUIAGEM,2019-01-28,2
2,EUDORA,1,CABELOS,2019-01-08,18
2,EUDORA,3,MAQUIAGEM,2019-04-12,3
3,QUEM DISSE BERENICE,1,CABELOS,2019-10-12,8
1,BOTICÁRIO,4,SOLAR,2019-01-07,6
2,EUDORA,2,PERFUMARIA,2019-09-26,6
2,EUDORA,5,HIDRATANTES,2019-05-02,10
4,VULT,2,PERFUMARIA,2019-06-07,3
5,BELEZA NA WEB,1,CABELOS,2019-09-10,14
1,BOTICÁRIO,5,HIDRATANTES,2019-02-22,19
3,QUEM DISSE BERENICE,4,SOLAR,2019-06-30,13
3,QUEM DISSE BERENICE,1,CABELOS,2019-12-30,11
1,BOTICÁRIO,4,SOLAR,2019-09-17,5
2,EUDORA,3,MAQUIAGEM,2019-04-07,12
2,EUDORA,5,HIDRATANTES,2019-05-10,14
4,VULT,5,HIDRATANTES,2019-01-21,15
2,EUDORA,2,PERFUMARIA,2019-03-14,20
4,VULT,3,MAQUIAGEM,2019-02-08,5
1,BOTICÁRIO,5,HIDRATANTES,2019-02-25,17
1,BOTICÁRIO,4,SOLAR,2019-12-06,13
1,BOTICÁRIO,3,MAQUIAGEM,2019-06-30,10
2,EUDORA,3,MAQUIAGEM,2019-08-11,18
2,EUDORA,3,MAQUIAGEM,2019-05-10,17
5,BELEZA NA WEB,1,CABELOS,2019-09-25,18
1,BOTICÁRIO,4,SOLAR,2019-12-16,8
3,QUEM DISSE BERENICE,3,MAQUIAGEM,2019-05-27,12
1,BOTICÁRIO,5,HIDRATANTES,2019-12-08,9
1,BOTICÁRIO,2,PERFUMARIA,2019-08-23,13
3,QUEM DISSE BERENICE,5,HIDRATANTES,2019-06-28,17
3,QUEM DISSE BERENICE,2,PERFUMARIA,2019-12-17,15
4,VULT,4,SOLAR,2019-07-23,5
5,BELEZA NA WEB,2,PERFUMARIA,2019-02-27,9
3,QUEM DISSE BERENICE,2,PERFUMARIA,2019-10-31,6
4,VULT,1,CABELOS,2019-08-15,5
1,BOTICÁRIO,2,PERFUMARIA,2019-09-24,20
5,BELEZA NA WEB,1,CABELOS,2019-02-21,12
2,EUDORA,3,MAQUIAGEM,2019-10-19,8
4,VULT,4,SOLAR,2019-06-22,12
4,VULT,2,PERFUMARIA,2019-04-24,10
4,VULT,1,CABELOS,2019-07-23,11
1,BOTICÁRIO,2,PERFUMARIA,2019-03-14,1
1,BOTICÁRIO,2,PERFUMARIA,2019-05-26,9
5,BELEZA NA WEB,1,CABELOS,2019-10-04,6
2,EUDORA,1,CABELOS,2019-08-06,9
3,QUEM DISSE BERENICE,4,SOLAR,2019-03-24,5
4,VULT,1,CABELOS,2019-07-06,14
1,BOTICÁRIO,1,CABELOS,2019-06-21,17
5,BELEZA NA WEB,2,PERFUMARIA,2019-04-22,10
4,VULT,4,SOLAR,2019-11-11,5
2,EUDORA,3,MAQUIAGEM,2019-02-25,6
3,QUEM DISSE BERENICE,3,MAQUIAGEM,2019-12-06,8
5,BELEZA NA WEB,1,CABELOS,2019-12-10,19
3,QUEM DISSE BERENICE,5,HIDRATANTES,2019-11-17,1
5,BELEZA NA WEB,1,CABELOS,2019-04-17,5
1,BOTICÁRIO,5,HIDRATANTES,2019-12-17,20
3,QUEM DISSE BERENICE,1,CABELOS,2019-05-04,14
2,EUDORA,4,SOLAR,2019-02-14,17
5,BELEZA NA WEB,3,MAQUIAGEM,2019-06-14,11
1,BOTICÁRIO,3,MAQUIAGEM,2019-03-01,17
1,BOTICÁRIO,5,HIDRATANTES,2019-07-24,6
2,EUDORA,2,PERFUMARIA,2019-08-04,7
3,QUEM DISSE BERENICE,3,MAQUIAGEM,2019-08-22,2
2,EUDORA,5,HIDRATANTES,2019-06-25,3
2,EUDORA,3,MAQUIAGEM,2019-09-16,9
4,VULT,1,CABELOS,2019-02-07,3
1,BOTICÁRIO,2,PERFUMARIA,2019-01-25,6
3,QUEM DISSE BERENICE,2,PERFUMARIA,2019-02-27,14
3,QUEM DISSE BERENICE,1,CABELOS,2019-04-08,7
3,QUEM DISSE BERENICE,4,SOLAR,2019-10-25,18
5,BELEZA NA WEB,2,PERFUMARIA,2019-06-05,15
1,BOTICÁRIO,3,MAQUIAGEM,2019-02-11,6
3,QUEM DISSE BERENICE,5,HIDRATANTES,2019-11-05,4
2,EUDORA,2,PERFUMARIA,2019-08-04,16
4,VULT,1,CABELOS,2019-09-09,19
4,VULT,3,MAQUIAGEM,2019-12-18,10
1,BOTICÁRIO,4,SOLAR,2019-05-16,10
4,VULT,4,SOLAR,2019-05-10,18
4,VULT,1,CABELOS,2019-09-30,18
2,EUDORA,1,CABELOS,2019-05-22,10
3,QUEM DISSE BERENICE,2,PERFUMARIA,2019-01-12,14
3,QUEM DISSE BERENICE,4,SOLAR,2019-02-10,2
5,BELEZA NA WEB,3,MAQUIAGEM,2019-08-31,14
1,BOTICÁRIO,1,CABELOS,2019-04-02,2
2,EUDORA,5,HIDRATANTES,2019-04-15,17
1,BOTICÁRIO,5,HIDRATANTES,2019-08-22,8
3,QUEM DISSE BERENICE,4,SOLAR,2019-04-30,18
5,BELEZA NA WEB,3,MAQUIAGEM,2019-10-11,5
4,VULT,5,HIDRATANTES,2019-12-14,16
4,VULT,3,MAQUIAGEM,2019-05-16,14
4,VULT,5,HIDRATANTES,2019-07-08,3
1,BOTICÁRIO,5,HIDRATANTES,2019-07-27,11
5,BELEZA NA WEB,1,CABELOS,2019-11-10,2
4,VULT,4,SOLAR,2019-10-05,11
1,BOTICÁRIO,1,CABELOS,2019-12-26,20
2,EUDORA,2,PERFUMARIA,2019-06-21,18
3,QUEM DISSE BERENICE,4,SOLAR,2019-01-22,5
3,QUEM DISSE BERENICE,2,PERFUMARIA,2019-07-01,3
4,VULT,4,SOLAR,2019-01-22,6
5,BELEZA NA WEB,4,SOLAR,2019-02-11,5
2,EUDORA,3,MAQUIAGEM,2019-01-10,10
5,BELEZA NA WEB,4,SOLAR,2019-08-26,15
5,BELEZA NA WEB,3,MAQUIAGEM,2019-07-20,1
2,EUDORA,4,SOLAR,2019-06-24,20
1,BOTICÁRIO,1,CABELOS,2019-06-23,14
5,BELEZA NA WEB,3,MAQUIAGEM,2019-09-26,12
5,BELEZA NA WEB,5,HIDRATANTES,2019-04-28,2
3,QUEM DISSE BERENICE,1,CABELOS,2019-11-16,11
5,BELEZA NA WEB,5,HIDRATANTES,2019-06-17,16
4,VULT,1,CABELOS,2019-09-04,8
1,BOTICÁRIO,5,HIDRATANTES,2019-01-29,19
3,QUEM DISSE BERENICE,4,SOLAR,2019-10-30,5
3,QUEM DISSE BERENICE,1,CABELOS,2019-09-17,5
3,QUEM DISSE BERENICE,4,SOLAR,2019-10-16,14
2,EUDORA,5,HIDRATANTES,2019-02-22,1
4,VULT,5,HIDRATANTES,2019-11-08,10
3,QUEM DISSE BERENICE,1,CABELOS,2019-06-22,6
4,VULT,2,PERFUMARIA,2019-03-28,7
3,QUEM DISSE BERENICE,4,SOLAR,2019-10-07,1
2,EUDORA,4,SOLAR,2019-02-11,5
1,BOTICÁRIO,4,SOLAR,2019-01-23,18
4,VULT,5,HIDRATANTES,2019-05-22,3
2,EUDORA,5,HIDRATANTES,2019-08-24,3
5,BELEZA NA WEB,2,PERFUMARIA,2019-07-31,8
3,QUEM DISSE BERENICE,3,MAQUIAGEM,2019-12-18,2
3,QUEM DISSE BERENICE,4,SOLAR,2019-11-06,19
2,EUDORA,3,MAQUIAGEM,2019-12-06,12
1,BOTICÁRIO,1,CABELOS,2019-06-05,8
2,EUDORA,4,SOLAR,2019-04-17,19
1,BOTICÁRIO,1,CABELOS,2019-07-22,13
4,VULT,5,HIDRATANTES,2019-10-19,3
4,VULT,5,HIDRATANTES,2019-01-20,9
5,BELEZA NA WEB,2,PERFUMARIA,2019-07-03,15
2,EUDORA,5,HIDRATANTES,2019-11-19,18
1,BOTICÁRIO,3,MAQUIAGEM,2019-04-09,16
3,QUEM DISSE BERENICE,5,HIDRATANTES,2019-07-11,17
4,VULT,2,PERFUMARIA,2019-01-08,17
5,BELEZA NA WEB,2,PERFUMARIA,2019-04-04,18
2,EUDORA,2,PERFUMARIA,2019-07-30,6
4,VULT,1,CABELOS,2019-09-27,5
4,VULT,1,CABELOS,2019-03-14,20
4,VULT,2,PERFUMARIA,2019-06-26,12
3,QUEM DISSE BERENICE,4,SOLAR,2019-02-20,11
2,EUDORA,5,HIDRATANTES,2019-04-07,13
3,QUEM DISSE BERENICE,3,MAQUIAGEM,2019-03-02,8
3,QUEM DISSE BERENICE,2,PERFUMARIA,2019-04-25,6
5,BELEZA NA WEB,3,MAQUIAGEM,2019-12-27,3
3,QUEM DISSE BERENICE,1,CABELOS,2019-11-06,19
1,BOTICÁRIO,5,HIDRATANTES,2019-06-01,12
2,EUDORA,4,SOLAR,2019-09-19,9
2,EUDORA,2,PERFUMARIA,2019-05-01,2
4,VULT,5,HIDRATANTES,2019-06-22,7
5,BELEZA NA WEB,5,HIDRATANTES,2019-01-02,19
4,VULT,3,MAQUIAGEM,2019-09-04,18
2,EUDORA,2,PERFUMARIA,2019-01-25,9
4,VULT,1,CABELOS,2019-10-28,4
4,VULT,3,MAQUIAGEM,2019-02-11,1
4,VULT,2,PERFUMARIA,2019-03-08,12
1,BOTICÁRIO,1,CABELOS,2019-08-20,10
1,BOTICÁRIO,2,PERFUMARIA,2019-05-21,3
3,QUEM DISSE BERENICE,4,SOLAR,2019-04-06,11
4,VULT,4,SOLAR,2019-09-28,3
3,QUEM DISSE BERENICE,3,MAQUIAGEM,2019-08-04,13
1,BOTICÁRIO,3,MAQUIAGEM,2019-07-01,1
2,EUDORA,1,CABELOS,2019-09-10,5
5,BELEZA NA WEB,2,PERFUMARIA,2019-08-11,14
5,BELEZA NA WEB,3,MAQUIAGEM,2019-07-30,12
1,BOTICÁRIO,5,HIDRATANTES,2019-01-09,9
3,QUEM DISSE BERENICE,2,PERFUMARIA,2019-06-13,5
1,BOTICÁRIO,3,MAQUIAGEM,2019-10-12,9
3,QUEM DISSE BERENICE,2,PERFUMARIA,2019-08-15,16
5,BELEZA NA WEB,1,CABELOS,2019-07-26,19
4,VULT,4,SOLAR,2019-12-15,19
1,BOTICÁRIO,3,MAQUIAGEM,2019-10-14,10
3,QUEM DISSE BERENICE,2,PERFUMARIA,2019-04-01,18
2,EUDORA,4,SOLAR,2019-07-23,10
5,BELEZA NA WEB,3,MAQUIAGEM,2019-06-11,8
5,BELEZA NA WEB,3,MAQUIAGEM,2019-08-08,10
3,QUEM DISSE BERENICE,2,PERFUMARIA,2019-04-08,3
1,BOTICÁRIO,1,CABELOS,2019-01-19,8
5,BELEZA NA WEB,1,CABELOS,2019-08-29,10
1,BOTICÁRIO,2,PERFUMARIA,2019-08-02,10
2,EUDORA,1,CABELOS,2019-05-01,5
3,QUEM DISSE BERENICE,3,MAQUIAGEM,2019-04-05,20
3,QUEM DISSE BERENICE,3,MAQUIAGEM,2019-07-03,1
1,BOTICÁRIO,2,PERFUMARIA,2019-08-21,19
5,BELEZA NA WEB,2,PERFUMARIA,2019-07-15,15
5,BELEZA NA WEB,2,PERFUMARIA,2019-04-21,4
2,EUDORA,5,HIDRATANTES,2019-03-20,18
5,BELEZA NA WEB,5,HIDRATANTES,2019-08-04,10
3,QUEM DISSE BERENICE,2,PERFUMARIA,2019-04-08,20
4,VULT,1,CABELOS,2019-11-27,2
4,VULT,5,HIDRATANTES,2019-08-10,11
4,VULT,5,HIDRATANTES,2019-07-21,2
5,BELEZA NA WEB,5,HIDRATANTES,2019-10-08,11
2,EUDORA,1,CABELOS,2019-08-07,2
1,BOTICÁRIO,1,CABELOS,2019-10-07,8
3,QUEM DISSE BERENICE,1,CABELOS,2019-07-16,5
4,VULT,4,SOLAR,2019-08-05,16
3,QUEM DISSE BERENICE,3,MAQUIAGEM,2019-12-01,12
1,BOTICÁRIO,3,MAQUIAGEM,2019-04-13,1
3,QUEM DISSE BERENICE,4,SOLAR,2019-10-27,13
4,VULT,3,MAQUIAGEM,2019-11-24,2
3,QUEM DISSE BERENICE,2,PERFUMARIA,2019-12-25,13
2,EUDORA,2,PERFUMARIA,2019-06-15,18
5,BELEZA NA WEB,3,MAQUIAGEM,2019-09-02,19
1,BOTICÁRIO,4,SOLAR,2019-12-08,15
4,VULT,1,CABELOS,2019-05-21,2
3,QUEM DISSE BERENICE,5,HIDRATANTES,2019-05-11,4
5,BELEZA NA WEB,2,PERFUMARIA,2019-12-15,15
5,BELEZA NA WEB,2,PERFUMARIA,2019-08-30,1
3,QUEM DISSE BERENICE,5,HIDRATANTES,2019-04-28,8
4,VULT,2,PERFUMARIA,2019-09-02,4
3,QUEM DISSE BERENICE,1,CABELOS,2019-05-17,10
4,VULT,2,PERFUMARIA,2019-06-27,5
5,BELEZA NA WEB,4,SOLAR,2019-08-28,5
1,BOTICÁRIO,2,PERFUMARIA,2019-04-22,10
4,VULT,1,CABELOS,2019-11-15,20
1,BOTICÁRIO,3,MAQUIAGEM,2019-08-24,15
4,VULT,3,MAQUIAGEM,2019-07-21,11
4,VULT,5,HIDRATANTES,2019-10-14,13
5,BELEZA NA WEB,5,HIDRATANTES,2019-11-02,1
3,QUEM DISSE BERENICE,1,CABELOS,2019-03-30,8
3,QUEM DISSE BERENICE,2,PERFUMARIA,2019-12-03,8
3,QUEM DISSE BERENICE,2,PERFUMARIA,2019-12-12,10
3,QUEM DISSE BERENICE,4,SOLAR,2019-03-08,7
2,EUDORA,2,PERFUMARIA,2019-10-25,6
3,QUEM DISSE BERENICE,1,CABELOS,2019-05-17,3
4,VULT,5,HIDRATANTES,2019-05-30,6
5,BELEZA NA WEB,4,SOLAR,2019-11-09,15
2,EUDORA,5,HIDRATANTES,2019-05-31,11
2,EUDORA,2,PERFUMARIA,2019-04-05,7
4,VULT,1,CABELOS,2019-09-14,3
3,QUEM DISSE BERENICE,3,MAQUIAGEM,2019-02-27,18
2,EUDORA,2,PERFUMARIA,2019-10-10,20
2,EUDORA,3,MAQUIAGEM,2019-10-16,11
3,QUEM DISSE BERENICE,5,HIDRATANTES,2019-01-20,13
3,QUEM DISSE BERENICE,2,PERFUMARIA,2019-04-28,3
2,EUDORA,3,MAQUIAGEM,2019-10-09,11
3,QUEM DISSE BERENICE,5,HIDRATANTES,2019-01-26,2
4,VULT,1,CABELOS,2019-05-26,20
4,VULT,3,MAQUIAGEM,2019-02-15,11
3,QUEM DISSE BERENICE,4,SOLAR,2019-12-20,20
1,BOTICÁRIO,4,SOLAR,2019-01-05,13
4,VULT,5,HIDRATANTES,2019-11-18,18
3,QUEM DISSE BERENICE,1,CABELOS,2019-10-15,8
5,BELEZA NA WEB,5,HIDRATANTES,2019-08-09,8
4,VULT,3,MAQUIAGEM,2019-05-09,8
5,BELEZA NA WEB,2,PERFUMARIA,2019-04-19,11
2,EUDORA,2,PERFUMARIA,2019-11-12,4
2,EUDORA,1,CABELOS,2019-11-15,8
4,VULT,1,CABELOS,2019-05-20,8
3,QUEM DISSE BERENICE,5,HIDRATANTES,2019-09-29,6
4,VULT,3,MAQUIAGEM,2019-08-07,20
2,EUDORA,2,PERFUMARIA,2019-12-05,16
5,BELEZA NA WEB,4,SOLAR,2019-08-12,9
3,QUEM DISSE BERENICE,4,SOLAR,2019-03-05,15
3,QUEM DISSE BERENICE,4,SOLAR,2019-02-18,20
5,BELEZA NA WEB,1,CABELOS,2019-03-01,7
2,EUDORA,2,PERFUMARIA,2019-08-21,10
3,QUEM DISSE BERENICE,1,CABELOS,2019-07-01,14
4,VULT,4,SOLAR,2019-04-21,2
4,VULT,2,PERFUMARIA,2019-05-22,1
4,VULT,1,CABELOS,2019-08-10,17
2,EUDORA,5,HIDRATANTES,2019-04-15,16
3,QUEM DISSE BERENICE,3,MAQUIAGEM,2019-12-15,11
1,BOTICÁRIO,5,HIDRATANTES,2019-10-20,17
2,EUDORA,4,SOLAR,2019-12-10,14
3,QUEM DISSE BERENICE,1,CABELOS,2019-05-08,20
1,BOTICÁRIO,3,MAQUIAGEM,2019-12-23,13
4,VULT,4,SOLAR,2019-01-27,6
4,VULT,4,SOLAR,2019-01-04,14
2,EUDORA,5,HIDRATANTES,2019-07-14,2
1,BOTICÁRIO,4,SOLAR,2019-08-10,12
2,EUDORA,4,SOLAR,2019-10-27,18
2,EUDORA,2,PERFUMARIA,2019-03-14,11
2,EUDORA,3,MAQUIAGEM,2019-11-29,14
1,BOTICÁRIO,1,CABELOS,2019-06-01,14
5,BELEZA NA WEB,3,MAQUIAGEM,2019-07-07,16
3,QUEM DISSE BERENICE,1,CABELOS,2019-08-12,11
2,EUDORA,2,PERFUMARIA,2019-11-11,2
1,BOTICÁRIO,5,HIDRATANTES,2019-10-05,4
2,EUDORA,4,SOLAR,2019-04-04,8
2,EUDORA,1,CABELOS,2019-11-29,8
2,EUDORA,4,SOLAR,2019-11-21,15
1,BOTICÁRIO,4,SOLAR,2019-10-26,8
4,VULT,4,SOLAR,2019-08-14,14
4,VULT,5,HIDRATANTES,2019-03-11,13
2,EUDORA,2,PERFUMARIA,2019-05-21,2
3,QUEM DISSE BERENICE,3,MAQUIAGEM,2019-06-25,1
4,VULT,5,HIDRATANTES,2019-11-14,10
5,BELEZA NA WEB,4,SOLAR,2019-04-11,1
4,VULT,5,HIDRATANTES,2019-02-24,12
4,VULT,2,PERFUMARIA,2019-07-23,20
2,EUDORA,5,HIDRATANTES,2019-10-31,1
4,VULT,3,MAQUIAGEM,2019-05-27,16
5,BELEZA NA WEB,5,HIDRATANTES,2019-06-10,6
3,QUEM DISSE BERENICE,1,CABELOS,2019-06-18,4
4,VULT,4,SOLAR,2019-03-21,11
2,EUDORA,4,SOLAR,2019-06-20,3
5,BELEZA NA WEB,3,MAQUIAGEM,2019-02-06,8
1,BOTICÁRIO,1,CABELOS,2019-05-18,2
3,QUEM DISSE BERENICE,3,MAQUIAGEM,2019-10-14,5
4,VULT,2,PERFUMARIA,2019-08-25,18
4,VULT,1,CABELOS,2019-11-09,14
1,BOTICÁRIO,2,PERFUMARIA,2019-08-31,4
5,BELEZA NA WEB,2,PERFUMARIA,2019-05-17,15
5,BELEZA NA WEB,3,MAQUIAGEM,2019-08-24,16
2,EUDORA,1,CABELOS,2019-10-04,12
3,QUEM DISSE BERENICE,2,PERFUMARIA,2019-06-06,16
3,QUEM DISSE BERENICE,4,SOLAR,2019-06-13,5
5,BELEZA NA WEB,4,SOLAR,2019-09-10,13
4,VULT,5,HIDRATANTES,2019-12-11,14
5,BELEZA NA WEB,4,SOLAR,2019-09-25,18
3,QUEM DISSE BERENICE,4,SOLAR,2019-04-19,5
1,BOTICÁRIO,1,CABELOS,2019-01-30,1
5,BELEZA NA WEB,5,HIDRATANTES,2019-01-03,16
1,BOTICÁRIO,2,PERFUMARIA,2019-03-18,6
3,QUEM DISSE BERENICE,3,MAQUIAGEM,2019-11-14,18
1,BOTICÁRIO,1,CABELOS,2019-12-26,13
4,VULT,1,CABELOS,2019-04-20,7
3,QUEM DISSE BERENICE,2,PERFUMARIA,2019-07-25,14
3,QUEM DISSE BERENICE,1,CABELOS,2019-05-31,11
5,BELEZA NA WEB,5,HIDRATANTES,2019-02-20,12
1,BOTICÁRIO,5,HIDRATANTES,2019-09-16,1
3,QUEM DISSE BERENICE,5,HIDRATANTES,2019-11-25,2
2,EUDORA,3,MAQUIAGEM,2019-08-22,3
2,EUDORA,3,MAQUIAGEM,2019-09-12,7
4,VULT,3,MAQUIAGEM,2019-04-20,3
3,QUEM DISSE BERENICE,4,SOLAR,2019-02-21,1
1,BOTICÁRIO,4,SOLAR,2019-08-26,19
4,VULT,3,MAQUIAGEM,2019-05-15,13
1,BOTICÁRIO,5,HIDRATANTES,2019-06-28,2
3,QUEM DISSE BERENICE,1,CABELOS,2019-08-21,3
4,VULT,4,SOLAR,2019-01-26,15
3,QUEM DISSE BERENICE,4,SOLAR,2019-09-02,11
1,BOTICÁRIO,4,SOLAR,2019-05-13,16
3,QUEM DISSE BERENICE,5,HIDRATANTES,2019-01-09,18
1,BOTICÁRIO,5,HIDRATANTES,2019-03-25,2
3,QUEM DISSE BERENICE,2,PERFUMARIA,2019-07-28,20
3,QUEM DISSE BERENICE,4,SOLAR,2019-06-08,18
5,BELEZA NA WEB,5,HIDRATANTES,2019-03-06,10
3,QUEM DISSE BERENICE,2,PERFUMARIA,2019-04-24,12
5,BELEZA NA WEB,1,CABELOS,2019-11-20,18
2,EUDORA,4,SOLAR,2019-04-26,18
1,BOTICÁRIO,5,HIDRATANTES,2019-05-11,6
3,QUEM DISSE BERENICE,3,MAQUIAGEM,2019-09-09,13
2,EUDORA,2,PERFUMARIA,2019-02-26,18
1,BOTICÁRIO,3,MAQUIAGEM,2019-01-21,10
4,VULT,2,PERFUMARIA,2019-03-25,14
2,EUDORA,2,PERFUMARIA,2019-07-01,4
1,BOTICÁRIO,2,PERFUMARIA,2019-10-30,11
2,EUDORA,3,MAQUIAGEM,2019-03-29,20
5,BELEZA NA WEB,3,MAQUIAGEM,2019-09-26,14
5,BELEZA NA WEB,1,CABELOS,2019-04-24,4
2,EUDORA,1,CABELOS,2019-10-11,6
1,BOTICÁRIO,1,CABELOS,2019-05-01,14
4,VULT,1,CABELOS,2019-03-11,12
4,VULT,5,HIDRATANTES,2019-08-10,2
1,BOTICÁRIO,4,SOLAR,2019-11-03,17
1,BOTICÁRIO,4,SOLAR,2019-06-26,7
1,BOTICÁRIO,2,PERFUMARIA,2019-05-10,19
5,BELEZA NA WEB,3,MAQUIAGEM,2019-07-08,19
1,BOTICÁRIO,1,CABELOS,2019-05-08,7
2,EUDORA,4,SOLAR,2019-06-14,6
3,QUEM DISSE BERENICE,4,SOLAR,2019-11-11,9
4,VULT,5,HIDRATANTES,2019-08-01,15
4,VULT,1,CABELOS,2019-06-09,3
4,VULT,5,HIDRATANTES,2019-10-28,20
4,VULT,4,SOLAR,2019-02-13,9
5,BELEZA NA WEB,3,MAQUIAGEM,2019-05-29,2
4,VULT,5,HIDRATANTES,2019-12-20,4
3,QUEM DISSE BERENICE,5,HIDRATANTES,2019-10-21,8
2,EUDORA,3,MAQUIAGEM,2019-06-11,14
3,QUEM DISSE BERENICE,5,HIDRATANTES,2019-05-26,19
2,EUDORA,3,MAQUIAGEM,2019-12-20,4
2,EUDORA,4,SOLAR,2019-05-30,11
2,EUDORA,3,MAQUIAGEM,2019-08-15,5
4,VULT,5,HIDRATANTES,2019-05-13,2
1,BOTICÁRIO,2,PERFUMARIA,2019-08-03,1
2,EUDORA,1,CABELOS,2019-11-22,11
1,BOTICÁRIO,1,CABELOS,2019-06-13,9
5,BELEZA NA WEB,4,SOLAR,2019-04-26,14
1,BOTICÁRIO,3,MAQUIAGEM,2019-02-21,9
2,EUDORA,3,MAQUIAGEM,2019-12-02,9
3,QUEM DISSE BERENICE,2,PERFUMARIA,2019-09-02,19
1,BOTICÁRIO,3,MAQUIAGEM,2019-09-08,12
5,BELEZA NA WEB,1,CABELOS,2019-03-09,17
3,QUEM DISSE BERENICE,1,CABELOS,2019-02-20,10
3,QUEM DISSE BERENICE,3,MAQUIAGEM,2019-12-22,16
5,BELEZA NA WEB,4,SOLAR,2019-04-26,18
1,BOTICÁRIO,4,SOLAR,2019-02-17,3
1,BOTICÁRIO,5,HIDRATANTES,2019-12-02,1
5,BELEZA NA WEB,1,CABELOS,2019-07-19,12
4,VULT,2,PERFUMARIA,2019-11-24,20
4,VULT,3,MAQUIAGEM,2019-11-18,10
4,VULT,2,PERFUMARIA,2019-09-17,12
2,EUDORA,4,SOLAR,2019-09-07,9
2,EUDORA,1,CABELOS,2019-08-31,14
2,EUDORA,1,CABELOS,2019-10-16,12
1,BOTICÁRIO,1,CABELOS,2019-11-08,7
3,QUEM DISSE BERENICE,2,PERFUMARIA,2019-07-03,7
1,BOTICÁRIO,5,HIDRATANTES,2019-03-28,17
1,BOTICÁRIO,4,SOLAR,2019-09-18,8
2,EUDORA,2,PERFUMARIA,2019-04-08,17
4,VULT,4,SOLAR,2019-01-07,17
3,QUEM DISSE BERENICE,4,SOLAR,2019-10-21,14
2,EUDORA,1,CABELOS,2019-03-15,17
3,QUEM DISSE BERENICE,2,PERFUMARIA,2019-04-21,19
4,VULT,5,HIDRATANTES,2019-05-05,1
4,VULT,3,MAQUIAGEM,2019-11-24,4
5,BELEZA NA WEB,5,HIDRATANTES,2019-10-25,16
3,QUEM DISSE BERENICE,2,PERFUMARIA,2019-07-30,10
2,EUDORA,4,SOLAR,2019-01-12,14
3,QUEM DISSE BERENICE,3,MAQUIAGEM,2019-09-03,15
3,QUEM DISSE BERENICE,3,MAQUIAGEM,2019-02-23,1
5,BELEZA NA WEB,2,PERFUMARIA,2019-01-06,3
1,BOTICÁRIO,1,CABELOS,2019-08-21,12
4,VULT,1,CABELOS,2019-03-18,15
1,BOTICÁRIO,1,CABELOS,2019-09-29,12
4,VULT,4,SOLAR,2019-07-01,15
4,VULT,1,CABELOS,2019-12-30,13
1,BOTICÁRIO,5,HIDRATANTES,2019-06-25,7
3,QUEM DISSE BERENICE,4,SOLAR,2019-02-08,1
2,EUDORA,5,HIDRATANTES,2019-09-19,7
3,QUEM DISSE BERENICE,5,HIDRATANTES,2019-05-11,11
5,BELEZA NA WEB,3,MAQUIAGEM,2019-04-17,4
2,EUDORA,1,CABELOS,2019-04-23,5
2,EUDORA,1,CABELOS,2019-04-23,20
4,VULT,4,SOLAR,2019-11-28,8
4,VULT,3,MAQUIAGEM,2019-07-19,4
2,EUDORA,2,PERFUMARIA,2019-07-09,15
2,EUDORA,4,SOLAR,2019-08-18,7
1,BOTICÁRIO,4,SOLAR,2019-07-17,1
4,VULT,3,MAQUIAGEM,2019-04-19,19
5,BELEZA NA WEB,2,PERFUMARIA,2019-05-07,9
1,BOTICÁRIO,4,SOLAR,2019-10-07,1
2,EUDORA,2,PERFUMARIA,2019-03-21,9
2,EUDORA,1,CABELOS,2019-08-01,15
2,EUDORA,3,MAQUIAGEM,2019-03-10,13
1,BOTICÁRIO,4,SOLAR,2019-12-07,12
2,EUDORA,5,HIDRATANTES,2019-04-03,18
1,BOTICÁRIO,5,HIDRATANTES,2019-01-25,18
2,EUDORA,5,HIDRATANTES,2019-05-08,11
2,EUDORA,1,CABELOS,2019-09-25,10
3,QUEM DISSE BERENICE,5,HIDRATANTES,2019-05-24,3
3,QUEM DISSE BERENICE,3,MAQUIAGEM,2019-05-08,18
1,BOTICÁRIO,2,PERFUMARIA,2019-07-11,9
2,EUDORA,5,HIDRATANTES,2019-09-06,13
3,QUEM DISSE BERENICE,4,SOLAR,2019-02-13,20
3,QUEM DISSE BERENICE,5,HIDRATANTES,2019-06-18,8
3,QUEM DISSE BERENICE,3,MAQUIAGEM,2019-09-27,6
4,VULT,5,HIDRATANTES,2019-04-21,19
3,QUEM DISSE BERENICE,4,SOLAR,2019-05-01,13
4,VULT,4,SOLAR,2019-07-20,1
2,EUDORA,2,PERFUMARIA,2019-06-17,7
1,BOTICÁRIO,4,SOLAR,2019-09-04,19
1,BOTICÁRIO,1,CABELOS,2019-08-22,3
5,BELEZA NA WEB,2,PERFUMARIA,2019-07-10,1
1,BOTICÁRIO,5,HIDRATANTES,2019-06-27,10
5,BELEZA NA WEB,4,SOLAR,2019-10-16,15
2,EUDORA,4,SOLAR,2019-08-08,19
1,BOTICÁRIO,5,HIDRATANTES,2019-07-03,14
3,QUEM DISSE BERENICE,2,PERFUMARIA,2019-08-29,7
1,BOTICÁRIO,5,HIDRATANTES,2019-09-27,7
1,BOTICÁRIO,1,CABELOS,2019-12-17,14
4,VULT,2,PERFUMARIA,2019-10-18,11
2,EUDORA,5,HIDRATANTES,2019-07-19,3
4,VULT,4,SOLAR,2019-01-18,19
5,BELEZA NA WEB,3,MAQUIAGEM,2019-01-05,3
5,BELEZA NA WEB,5,HIDRATANTES,2019-05-09,17
1,BOTICÁRIO,2,PERFUMARIA,2019-12-19,13
1,BOTICÁRIO,2,PERFUMARIA,2019-04-22,5
1,BOTICÁRIO,4,SOLAR,2019-09-24,3
1,BOTICÁRIO,3,MAQUIAGEM,2019-05-13,2
2,EUDORA,1,CABELOS,2019-04-26,5
5,BELEZA NA WEB,2,PERFUMARIA,2019-04-13,7
3,QUEM DISSE BERENICE,3,MAQUIAGEM,2019-08-10,4
5,BELEZA NA WEB,3,MAQUIAGEM,2019-10-05,20
1,BOTICÁRIO,4,SOLAR,2019-08-22,16
3,QUEM DISSE BERENICE,4,SOLAR,2019-12-01,20
4,VULT,2,PERFUMARIA,2019-06-18,6
5,BELEZA NA WEB,1,CABELOS,2019-03-05,11
1,BOTICÁRIO,5,HIDRATANTES,2019-10-19,15
4,VULT,1,CABELOS,2019-02-23,20
4,VULT,3,MAQUIAGEM,2019-05-13,1
2,EUDORA,3,MAQUIAGEM,2019-11-01,2
5,BELEZA NA WEB,1,CABELOS,2019-06-26,9
4,VULT,1,CABELOS,2019-03-14,5
5,BELEZA NA WEB,5,HIDRATANTES,2019-04-28,15
1,BOTICÁRIO,4,SOLAR,2019-08-23,13
3,QUEM DISSE BERENICE,3,MAQUIAGEM,2019-09-06,19
1,BOTICÁRIO,1,CABELOS,2019-10-14,14
4,VULT,4,SOLAR,2019-02-23,1
4,VULT,3,MAQUIAGEM,2019-07-30,19
5,BELEZA NA WEB,3,MAQUIAGEM,2019-09-08,11
5,BELEZA NA WEB,2,PERFUMARIA,2019-07-11,16
1,BOTICÁRIO,4,SOLAR,2019-01-23,9
1,BOTICÁRIO,3,MAQUIAGEM,2019-05-22,13
3,QUEM DISSE BERENICE,5,HIDRATANTES,2019-05-04,3
3,QUEM DISSE BERENICE,4,SOLAR,2019-05-07,13
1,BOTICÁRIO,2,PERFUMARIA,2019-06-10,16
3,QUEM DISSE BERENICE,4,SOLAR,2019-05-23,3
1,BOTICÁRIO,3,MAQUIAGEM,2019-02-23,17
2,EUDORA,2,PERFUMARIA,2019-12-02,6
2,EUDORA,5,HIDRATANTES,2019-09-07,15
3,QUEM DISSE BERENICE,2,PERFUMARIA,2019-04-28,13
2,EUDORA,1,CABELOS,2019-05-08,14
1,BOTICÁRIO,4,SOLAR,2019-03-15,15
5,BELEZA NA WEB,5,HIDRATANTES,2019-02-04,19
5,BELEZA NA WEB,3,MAQUIAGEM,2019-01-28,15
3,QUEM DISSE BERENICE,1,CABELOS,2019-12-04,3
1,BOTICÁRIO,3,MAQUIAGEM,2019-05-29,17
2,EUDORA,2,PERFUMARIA,2019-10-13,7
3,QUEM DISSE BERENICE,2,PERFUMARIA,2019-12-31,4
1,BOTICÁRIO,4,SOLAR,2019-12-14,12
4,VULT,1,CABELOS,2019-09-15,2
1,BOTICÁRIO,5,HIDRATANTES,2019-06-19,17
2,EUDORA,2,PERFUMARIA,2019-06-05,7
4,VULT,2,PERFUMARIA,2019-12-05,9
2,EUDORA,3,MAQUIAGEM,2019-08-21,1
5,BELEZA NA WEB,2,PERFUMARIA,2019-05-02,10
4,VULT,3,MAQUIAGEM,2019-07-18,3
2,EUDORA,5,HIDRATANTES,2019-03-12,7
5,BELEZA NA WEB,2,PERFUMARIA,2019-08-29,1
1,BOTICÁRIO,5,HIDRATANTES,2019-04-30,11
1,BOTICÁRIO,3,MAQUIAGEM,2019-03-26,1
4,VULT,5,HIDRATANTES,2019-06-26,17
4,VULT,4,SOLAR,2019-01-21,9
5,BELEZA NA WEB,2,PERFUMARIA,2019-03-28,17
3,QUEM DISSE BERENICE,2,PERFUMARIA,2019-07-27,19
4,VULT,2,PERFUMARIA,2019-08-23,19
1,BOTICÁRIO,2,PERFUMARIA,2019-12-16,14
2,EUDORA,1,CABELOS,2019-10-01,16
1,BOTICÁRIO,3,MAQUIAGEM,2019-07-14,16
4,VULT,1,CABELOS,2019-11-24,6
2,EUDORA,4,SOLAR,2019-11-12,1
3,QUEM DISSE BERENICE,1,CABELOS,2019-10-20,1
3,QUEM DISSE BERENICE,5,HIDRATANTES,2019-02-27,18
3,QUEM DISSE BERENICE,2,PERFUMARIA,2019-12-10,19
1,BOTICÁRIO,5,HIDRATANTES,2019-06-27,15
2,EUDORA,1,CABELOS,2019-04-08,19
1,BOTICÁRIO,1,CABELOS,2019-12-06,2
2,EUDORA,1,CABELOS,2019-03-24,18
4,VULT,2,PERFUMARIA,2019-01-04,19
3,QUEM DISSE BERENICE,5,HIDRATANTES,2019-09-01,14
1,BOTICÁRIO,5,HIDRATANTES,2019-04-02,16
1,BOTICÁRIO,4,SOLAR,2019-07-30,10
4,VULT,1,CABELOS,2019-05-17,5
4,VULT,1,CABELOS,2019-05-04,1
5,BELEZA NA WEB,1,CABELOS,2019-06-24,13
1,BOTICÁRIO,5,HIDRATANTES,2019-08-10,14
4,VULT,5,HIDRATANTES,2019-02-11,20
5,BELEZA NA WEB,5,HIDRATANTES,2019-03-03,10
1,BOTICÁRIO,1,CABELOS,2019-08-22,13
3,QUEM DISSE BERENICE,5,HIDRATANTES,2019-07-25,14
3,QUEM DISSE BERENICE,5,HIDRATANTES,2019-12-03,8
2,EUDORA,5,HIDRATANTES,2019-10-04,13
5,BELEZA NA WEB,2,PERFUMARIA,2019-07-25,5
4,VULT,1,CABELOS,2019-08-10,3
2,EUDORA,4,SOLAR,2019-12-06,19
5,BELEZA NA WEB,1,CABELOS,2019-11-21,2
1,BOTICÁRIO,4,SOLAR,2019-09-27,17
5,BELEZA NA WEB,2,PERFUMARIA,2019-02-08,10
4,VULT,4,SOLAR,2019-12-23,10
4,VULT,3,MAQUIAGEM,2019-10-10,13
1,BOTICÁRIO,1,CABELOS,2019-11-10,12
2,EUDORA,5,HIDRATANTES,2019-07-26,6
2,EUDORA,2,PERFUMARIA,2019-10-06,3
2,EUDORA,4,SOLAR,2019-11-05,19
3,QUEM DISSE BERENICE,4,SOLAR,2019-09-28,9
5,BELEZA NA WEB,4,SOLAR,2019-06-15,19
3,QUEM DISSE BERENICE,4,SOLAR,2019-12-16,5
2,EUDORA,1,CABELOS,2019-10-14,19
5,BELEZA NA WEB,4,SOLAR,2019-03-07,8
5,BELEZA NA WEB,5,HIDRATANTES,2019-07-05,18
4,VULT,2,PERFUMARIA,2019-07-30,13
2,EUDORA,3,MAQUIAGEM,2019-05-04,18
3,QUEM DISSE BERENICE,5,HIDRATANTES,2019-03-14,3
5,BELEZA NA WEB,3,MAQUIAGEM,2019-04-13,4
3,QUEM DISSE BERENICE,1,CABELOS,2019-07-20,2
1,BOTICÁRIO,3,MAQUIAGEM,2019-03-29,5
3,QUEM DISSE BERENICE,5,HIDRATANTES,2019-10-05,13
2,EUDORA,5,HIDRATANTES,2019-08-16,15
4,VULT,3,MAQUIAGEM,2019-05-25,4
2,EUDORA,3,MAQUIAGEM,2019-11-06,13
1,BOTICÁRIO,2,PERFUMARIA,2019-06-19,4
5,BELEZA NA WEB,5,HIDRATANTES,2019-09-05,18
2,EUDORA,5,HIDRATANTES,2019-06-22,14
2,EUDORA,5,HIDRATANTES,2019-07-16,14
5,BELEZA NA WEB,4,SOLAR,2019-06-30,1
2,EUDORA,5,HIDRATANTES,2019-10-23,17
4,VULT,2,PERFUMARIA,2019-10-12,1
4,VULT,1,CABELOS,2019-09-01,8
4,VULT,3,MAQUIAGEM,2019-12-22,20
5,BELEZA NA WEB,3,MAQUIAGEM,2019-12-18,9
1,BOTICÁRIO,5,HIDRATANTES,2019-06-20,9
2,EUDORA,3,MAQUIAGEM,2019-06-14,16
5,BELEZA NA WEB,3,MAQUIAGEM,2019-12-25,15
4,VULT,4,SOLAR,2019-05-22,8
3,QUEM DISSE BERENICE,3,MAQUIAGEM,2019-05-12,4
1,BOTICÁRIO,4,SOLAR,2019-05-08,18
4,VULT,5,HIDRATANTES,2019-03-02,12
5,BELEZA NA WEB,3,MAQUIAGEM,2019-04-09,16
3,QUEM DISSE BERENICE,2,PERFUMARIA,2019-02-14,16
1,BOTICÁRIO,1,CABELOS,2019-12-13,7
5,BELEZA NA WEB,2,PERFUMARIA,2019-03-14,6
4,VULT,3,MAQUIAGEM,2019-02-11,7
1,BOTICÁRIO,4,SOLAR,2019-06-18,3
4,VULT,5,HIDRATANTES,2019-06-08,6
3,QUEM DISSE BERENICE,3,MAQUIAGEM,2019-02-27,9
2,EUDORA,2,PERFUMARIA,2019-04-28,8
2,EUDORA,3,MAQUIAGEM,2019-05-03,13
2,EUDORA,1,CABELOS,2019-12-08,20
4,VULT,4,SOLAR,2019-10-30,9
1,BOTICÁRIO,5,HIDRATANTES,2019-04-03,7
1,BOTICÁRIO,3,MAQUIAGEM,2019-12-29,14
2,EUDORA,1,CABELOS,2019-11-15,2
3,QUEM DISSE BERENICE,1,CABELOS,2019-07-11,6
2,EUDORA,4,SOLAR,2019-07-16,9
1,BOTICÁRIO,4,SOLAR,2019-09-14,17
5,BELEZA NA WEB,1,CABELOS,2019-01-27,2
4,VULT,1,CABELOS,2019-09-19,10
3,QUEM DISSE BERENICE,1,CABELOS,2019-02-22,16
4,VULT,5,HIDRATANTES,2019-10-05,2
3,QUEM DISSE BERENICE,5,HIDRATANTES,2019-05-01,11
3,QUEM DISSE BERENICE,4,SOLAR,2019-06-13,2
3,QUEM DISSE BERENICE,4,SOLAR,2019-04-18,10
2,EUDORA,4,SOLAR,2019-01-01,18
1,BOTICÁRIO,1,CABELOS,2019-03-28,7
1,BOTICÁRIO,1,CABELOS,2019-10-21,1
5,BELEZA NA WEB,2,PERFUMARIA,2019-11-19,10
2,EUDORA,3,MAQUIAGEM,2019-06-20,4
1,BOTICÁRIO,3,MAQUIAGEM,2019-04-15,13
3,QUEM DISSE BERENICE,5,HIDRATANTES,2019-03-19,10
4,VULT,4,SOLAR,2019-07-27,14
1,BOTICÁRIO,3,MAQUIAGEM,2019-12-01,1
1,BOTICÁRIO,2,PERFUMARIA,2019-03-18,5
1,BOTICÁRIO,5,HIDRATANTES,2019-09-13,18
5,BELEZA NA WEB,1,CABELOS,2019-04-05,11
5,BELEZA NA WEB,4,SOLAR,2019-01-08,8
4,VULT,5,HIDRATANTES,2019-10-02,1
3,QUEM DISSE BERENICE,3,MAQUIAGEM,2019-04-30,19
2,EUDORA,3,MAQUIAGEM,2019-01-25,19
2,EUDORA,4,SOLAR,2019-12-12,1
3,QUEM DISSE BERENICE,4,SOLAR,2019-07-19,10
4,VULT,1,CABELOS,2019-06-30,20
3,QUEM DISSE BERENICE,2,PERFUMARIA,2019-09-27,6
1,BOTICÁRIO,1,CABELOS,2019-08-12,12
4,VULT,4,SOLAR,2019-07-16,6
2,EUDORA,2,PERFUMARIA,2019-09-17,6
2,EUDORA,3,MAQUIAGEM,2019-12-18,12
2,EUDORA,4,SOLAR,2019-09-05,18
4,VULT,1,CABELOS,2019-11-03,19
4,VULT,5,HIDRATANTES,2019-05-13,10
4,VULT,3,MAQUIAGEM,2019-07-11,20
5,BELEZA NA WEB,4,SOLAR,2019-04-04,12
4,VULT,5,HIDRATANTES,2019-09-22,14
2,EUDORA,1,CABELOS,2019-11-11,14
1,BOTICÁRIO,4,SOLAR,2019-11-09,8
5,BELEZA NA WEB,5,HIDRATANTES,2019-07-22,6
4,VULT,4,SOLAR,2019-03-19,7
1,BOTICÁRIO,2,PERFUMARIA,2019-01-17,3
5,BELEZA NA WEB,1,CABELOS,2019-08-29,19
3,QUEM DISSE BERENICE,3,MAQUIAGEM,2019-06-05,17
1,BOTICÁRIO,1,CABELOS,2019-02-14,19
4,VULT,3,MAQUIAGEM,2019-07-03,1
4,VULT,1,CABELOS,2019-09-02,9
2,EUDORA,2,PERFUMARIA,2019-12-12,19
4,VULT,4,SOLAR,2019-02-25,18
2,EUDORA,3,MAQUIAGEM,2019-01-08,17
4,VULT,4,SOLAR,2019-10-18,1
1,BOTICÁRIO,5,HIDRATANTES,2019-12-12,2
4,VULT,1,CABELOS,2019-01-04,3
1,BOTICÁRIO,5,HIDRATANTES,2019-04-06,9
1,BOTICÁRIO,5,HIDRATANTES,2019-05-15,3
3,QUEM DISSE BERENICE,2,PERFUMARIA,2019-04-02,2
2,EUDORA,4,SOLAR,2019-04-11,3
5,BELEZA NA WEB,4,SOLAR,2019-07-24,17
1,BOTICÁRIO,2,PERFUMARIA,2019-08-12,13
5,BELEZA NA WEB,5,HIDRATANTES,2019-08-27,7
3,QUEM DISSE BERENICE,3,MAQUIAGEM,2019-05-21,18
3,QUEM DISSE BERENICE,3,MAQUIAGEM,2019-02-07,11
3,QUEM DISSE BERENICE,5,HIDRATANTES,2019-06-03,6
2,EUDORA,2,PERFUMARIA,2019-05-20,10
3,QUEM DISSE BERENICE,4,SOLAR,2019-02-06,20
1,BOTICÁRIO,1,CABELOS,2019-09-26,20
4,VULT,5,HIDRATANTES,2019-06-27,11
2,EUDORA,4,SOLAR,2019-10-10,8
4,VULT,4,SOLAR,2019-01-12,10
4,VULT,2,PERFUMARIA,2019-07-06,7
4,VULT,2,PERFUMARIA,2019-09-19,4
4,VULT,3,MAQUIAGEM,2019-08-21,20
3,QUEM DISSE BERENICE,2,PERFUMARIA,2019-09-01,17
4,VULT,4,SOLAR,2019-09-14,14
2,EUDORA,4,SOLAR,2019-02-20,11
5,BELEZA NA WEB,2,PERFUMARIA,2019-01-12,8
5,BELEZA NA WEB,2,PERFUMARIA,2019-10-07,13
5,BELEZA NA WEB,4,SOLAR,2019-10-15,7
1,BOTICÁRIO,4,SOLAR,2019-11-08,13
3,QUEM DISSE BERENICE,4,SOLAR,2019-11-15,15
4,VULT,3,MAQUIAGEM,2019-12-01,5
2,EUDORA,5,HIDRATANTES,2019-03-05,2
4,VULT,2,PERFUMARIA,2019-12-06,14
2,EUDORA,3,MAQUIAGEM,2019-11-12,5
4,VULT,1,CABELOS,2019-07-08,11
2,EUDORA,1,CABELOS,2019-12-24,18
3,QUEM DISSE BERENICE,3,MAQUIAGEM,2019-03-27,7
3,QUEM DISSE BERENICE,5,HIDRATANTES,2019-10-12,5
1,BOTICÁRIO,3,MAQUIAGEM,2019-03-22,5
2,EUDORA,2,PERFUMARIA,2019-05-18,20
2,EUDORA,1,CABELOS,2019-06-10,19
1,BOTICÁRIO,5,HIDRATANTES,2019-09-02,8
4,VULT,5,HIDRATANTES,2019-10-22,10
2,EUDORA,2,PERFUMARIA,2019-01-30,4
4,VULT,2,PERFUMARIA,2019-11-12,13
5,BELEZA NA WEB,3,MAQUIAGEM,2019-02-12,7
2,EUDORA,3,MAQUIAGEM,2019-09-07,20
1,BOTICÁRIO,2,PERFUMARIA,2019-11-18,15
3,QUEM DISSE BERENICE,5,HIDRATANTES,2019-09-08,9
1,BOTICÁRIO,2,PERFUMARIA,2019-08-13,6
1,BOTICÁRIO,2,PERFUMARIA,2019-08-24,10
1,BOTICÁRIO,2,PERFUMARIA,2019-01-14,15
3,QUEM DISSE BERENICE,3,MAQUIAGEM,2019-04-12,10
4,VULT,4,SOLAR,2019-10-22,17
2,EUDORA,2,PERFUMARIA,2019-04-06,4
5,BELEZA NA WEB,1,CABELOS,2019-01-03,14
3,QUEM DISSE BERENICE,3,MAQUIAGEM,2019-03-09,19
5,BELEZA NA WEB,1,CABELOS,2019-10-24,20
5,BELEZA NA WEB,3,MAQUIAGEM,2019-10-25,2
2,EUDORA,2,PERFUMARIA,2019-01-27,3
3,QUEM DISSE BERENICE,1,CABELOS,2019-09-03,2
5,BELEZA NA WEB,2,PERFUMARIA,2019-08-16,15
1,BOTICÁRIO,2,PERFUMARIA,2019-03-02,3
2,EUDORA,2,PERFUMARIA,2019-04-28,5
1,BOTICÁRIO,2,PERFUMARIA,2019-04-23,15
3,QUEM DISSE BERENICE,2,PERFUMARIA,2019-11-12,11
1,BOTICÁRIO,3,MAQUIAGEM,2019-10-01,17
3,QUEM DISSE BERENICE,5,HIDRATANTES,2019-07-26,6
2,EUDORA,1,CABELOS,2019-07-17,6
4,VULT,5,HIDRATANTES,2019-09-12,9
3,QUEM DISSE BERENICE,2,PERFUMARIA,2019-04-01,13
3,QUEM DISSE BERENICE,1,CABELOS,2019-01-16,17
1,BOTICÁRIO,3,MAQUIAGEM,2019-12-07,12
2,EUDORA,2,PERFUMARIA,2019-01-04,19
4,VULT,5,HIDRATANTES,2019-11-20,20
3,QUEM DISSE BERENICE,5,HIDRATANTES,2019-09-21,14
3,QUEM DISSE BERENICE,4,SOLAR,2019-06-10,1
1,BOTICÁRIO,4,SOLAR,2019-04-28,16
4,VULT,2,PERFUMARIA,2019-04-27,11
3,QUEM DISSE BERENICE,2,PERFUMARIA,2019-08-26,20
3,QUEM DISSE BERENICE,3,MAQUIAGEM,2019-12-29,12
2,EUDORA,1,CABELOS,2019-07-06,19
5,BELEZA NA WEB,4,SOLAR,2019-12-24,4
1,BOTICÁRIO,5,HIDRATANTES,2019-01-18,4
1,BOTICÁRIO,3,MAQUIAGEM,2019-05-20,13
5,BELEZA NA WEB,5,HIDRATANTES,2019-09-21,7
4,VULT,5,HIDRATANTES,2019-02-26,17
3,QUEM DISSE BERENICE,4,SOLAR,2019-08-27,6
1,BOTICÁRIO,2,PERFUMARIA,2019-04-17,7
2,EUDORA,4,SOLAR,2019-08-03,13
4,VULT,5,HIDRATANTES,2019-11-10,9
3,QUEM DISSE BERENICE,5,HIDRATANTES,2019-02-08,8
4,VULT,4,SOLAR,2019-04-22,16
5,BELEZA NA WEB,2,PERFUMARIA,2019-01-27,3
3,QUEM DISSE BERENICE,2,PERFUMARIA,2019-09-23,8
2,EUDORA,3,MAQUIAGEM,2019-11-28,10
5,BELEZA NA WEB,2,PERFUMARIA,2019-03-16,1
5,BELEZA NA WEB,3,MAQUIAGEM,2019-06-13,12
1,BOTICÁRIO,4,SOLAR,2019-03-20,1
5,BELEZA NA WEB,4,SOLAR,2019-04-30,20
1,BOTICÁRIO,1,CABELOS,2019-01-26,5
5,BELEZA NA WEB,3,MAQUIAGEM,2019-11-24,16
5,BELEZA NA WEB,4,SOLAR,2019-02-22,17
3,QUEM DISSE BERENICE,3,MAQUIAGEM,2019-05-24,4
5,BELEZA NA WEB,1,CABELOS,2019-05-02,6
4,VULT,3,MAQUIAGEM,2019-10-15,11
5,BELEZA NA WEB,5,HIDRATANTES,2019-11-20,14
1,BOTICÁRIO,2,PERFUMARIA,2019-12-17,3
1,BOTICÁRIO,1,CABELOS,2019-06-09,6
5,BELEZA NA WEB,4,SOLAR,2019-09-15,5
3,QUEM DISSE BERENICE,1,CABELOS,2019-01-02,8
4,VULT,5,HIDRATANTES,2019-02-25,20
2,EUDORA,4,SOLAR,2019-05-30,20
1,BOTICÁRIO,1,CABELOS,2019-03-22,4
3,QUEM DISSE BERENICE,1,CABELOS,2019-01-27,10
3,QUEM DISSE BERENICE,3,MAQUIAGEM,2019-02-09,17
2,EUDORA,1,CABELOS,2019-11-30,8
3,QUEM DISSE BERENICE,3,MAQUIAGEM,2019-08-13,15
1,BOTICÁRIO,3,MAQUIAGEM,2019-06-15,18
3,QUEM DISSE BERENICE,4,SOLAR,2019-04-26,4
5,BELEZA NA WEB,1,CABELOS,2019-10-08,12
1,BOTICÁRIO,5,HIDRATANTES,2019-09-12,6
3,QUEM DISSE BERENICE,3,MAQUIAGEM,2019-09-27,20
4,VULT,2,PERFUMARIA,2019-12-27,10
3,QUEM DISSE BERENICE,2,PERFUMARIA,2019-10-03,7
4,VULT,4,SOLAR,2019-12-31,15
2,EUDORA,4,SOLAR,2019-07-30,4
2,EUDORA,3,MAQUIAGEM,2019-05-26,16
2,EUDORA,2,PERFUMARIA,2019-05-02,9
3,QUEM DISSE BERENICE,4,SOLAR,2019-03-28,20
4,VULT,3,MAQUIAGEM,2019-08-17,12
4,VULT,5,HIDRATANTES,2019-04-08,17
2,EUDORA,1,CABELOS,2019-11-07,13
1,BOTICÁRIO,5,HIDRATANTES,2019-04-02,11
2,EUDORA,1,CABELOS,2019-08-21,17
4,VULT,2,PERFUMARIA,2019-12-07,20
4,VULT,3,MAQUIAGEM,2019-10-26,3
3,QUEM DISSE BERENICE,5,HIDRATANTES,2019-10-07,17
4,VULT,5,HIDRATANTES,2019-02-11,13
3,QUEM DISSE BERENICE,5,HIDRATANTES,2019-03-08,13
1,BOTICÁRIO,1,CABELOS,2019-10-12,12
4,VULT,2,PERFUMARIA,2019-11-25,11
5,BELEZA NA WEB,1,CABELOS,2019-06-24,6
2,EUDORA,3,MAQUIAGEM,2019-08-29,8
5,BELEZA NA WEB,2,PERFUMARIA,2019-08-17,7
1,BOTICÁRIO,1,CABELOS,2019-12-09,14
4,VULT,4,SOLAR,2019-01-06,12
2,EUDORA,2,PERFUMARIA,2019-08-31,6
5,BELEZA NA WEB,1,CABELOS,2019-08-14,10
2,EUDORA,2,PERFUMARIA,2019-08-02,18
4,VULT,3,MAQUIAGEM,2019-01-31,2
1,BOTICÁRIO,4,SOLAR,2019-03-31,14
4,VULT,2,PERFUMARIA,2019-04-16,18
5,BELEZA NA WEB,4,SOLAR,2019-11-22,20
3,QUEM DISSE BERENICE,1,CABELOS,2019-08-03,7
3,QUEM DISSE BERENICE,3,MAQUIAGEM,2019-11-04,16
3,QUEM DISSE BERENICE,2,PERFUMARIA,2019-07-04,6
4,VULT,4,SOLAR,2019-03-08,12
3,QUEM DISSE BERENICE,2,PERFUMARIA,2019-02-27,3
1,BOTICÁRIO,1,CABELOS,2019-06-12,12
3,QUEM DISSE BERENICE,1,CABELOS,2019-12-23,1
5,BELEZA NA WEB,5,HIDRATANTES,2019-02-06,14
1,BOTICÁRIO,5,HIDRATANTES,2019-08-14,15
3,QUEM DISSE BERENICE,4,SOLAR,2019-12-02,7
1,BOTICÁRIO,1,CABELOS,2019-04-13,10
4,VULT,4,SOLAR,2019-01-22,3
4,VULT,3,MAQUIAGEM,2019-08-03,16
5,BELEZA NA WEB,4,SOLAR,2019-12-01,17
3,QUEM DISSE BERENICE,2,PERFUMARIA,2019-05-28,6
1,BOTICÁRIO,4,SOLAR,2019-08-05,9
5,BELEZA NA WEB,5,HIDRATANTES,2019-01-21,9
3,QUEM DISSE BERENICE,2,PERFUMARIA,2019-09-06,16
4,VULT,1,CABELOS,2019-01-13,18
3,QUEM DISSE BERENICE,5,HIDRATANTES,2019-05-19,18
2,EUDORA,3,MAQUIAGEM,2019-01-25,9
2,EUDORA,4,SOLAR,2019-12-22,17
5,BELEZA NA WEB,2,PERFUMARIA,2019-09-26,1
3,QUEM DISSE BERENICE,4,SOLAR,2019-04-26,1
5,BELEZA NA WEB,1,CABELOS,2019-03-30,5
1,BOTICÁRIO,5,HIDRATANTES,2019-02-01,9
5,BELEZA NA WEB,3,MAQUIAGEM,2019-11-13,19
5,BELEZA NA WEB,3,MAQUIAGEM,2019-08-08,14
4,VULT,3,MAQUIAGEM,2019-12-28,18
1,BOTICÁRIO,1,CABELOS,2019-05-10,12
1,BOTICÁRIO,5,HIDRATANTES,2019-04-16,3
2,EUDORA,3,MAQUIAGEM,2019-11-23,8
2,EUDORA,2,PERFUMARIA,2019-02-05,16
4,VULT,3,MAQUIAGEM,2019-06-14,9
2,EUDORA,1,CABELOS,2019-08-25,14
4,VULT,1,CABELOS,2019-01-09,2
5,BELEZA NA WEB,4,SOLAR,2019-09-25,16
5,BELEZA NA WEB,4,SOLAR,2019-11-24,2
4,VULT,3,MAQUIAGEM,2019-12-14,8
5,BELEZA NA WEB,5,HIDRATANTES,2019-04-29,7
2,EUDORA,5,HIDRATANTES,2019-08-01,14
5,BELEZA NA WEB,3,MAQUIAGEM,2019-06-04,16
3,QUEM DISSE BERENICE,3,MAQUIAGEM,2019-09-18,3
2,EUDORA,5,HIDRATANTES,2019-09-18,2
4,VULT,3,MAQUIAGEM,2019-11-10,10
5,BELEZA NA WEB,5,HIDRATANTES,2019-12-01,7
3,QUEM DISSE BERENICE,5,HIDRATANTES,2019-09-15,16
2,EUDORA,3,MAQUIAGEM,2019-09-20,11
4,VULT,1,CABELOS,2019-05-12,19
3,QUEM DISSE BERENICE,4,SOLAR,2019-12-14,11
2,EUDORA,5,HIDRATANTES,2019-06-25,16
1,BOTICÁRIO,2,PERFUMARIA,2019-03-02,20
5,BELEZA NA WEB,4,SOLAR,2019-01-07,13
3,QUEM DISSE BERENICE,2,PERFUMARIA,2019-02-16,4
3,QUEM DISSE BERENICE,5,HIDRATANTES,2019-08-13,10
1,BOTICÁRIO,1,CABELOS,2019-02-03,3
1,BOTICÁRIO,2,PERFUMARIA,2019-04-14,11
4,VULT,1,CABELOS,2019-04-18,17
5,BELEZA NA WEB,1,CABELOS,2019-10-11,16
4,VULT,5,HIDRATANTES,2019-04-20,3
2,EUDORA,4,SOLAR,2019-04-19,12
3,QUEM DISSE BERENICE,1,CABELOS,2019-06-25,19
4,VULT,4,SOLAR,2019-02-25,5
3,QUEM DISSE BERENICE,3,MAQUIAGEM,2019-11-18,18
3,QUEM DISSE BERENICE,5,HIDRATANTES,2019-05-29,20
4,VULT,1,CABELOS,2019-06-16,1
3,QUEM DISSE BERENICE,2,PERFUMARIA,2019-04-28,17
2,EUDORA,4,SOLAR,2019-10-01,19
5,BELEZA NA WEB,2,PERFUMARIA,2019-09-30,11
4,VULT,2,PERFUMARIA,2019-06-20,20
3,QUEM DISSE BERENICE,2,PERFUMARIA,2019-10-31,12
4,VULT,5,HIDRATANTES,2019-09-20,13
1,BOTICÁRIO,2,PERFUMARIA,2019-11-19,14
5,BELEZA NA WEB,2,PERFUMARIA,2019-12-14,5
2,EUDORA,4,SOLAR,2019-10-03,9
3,QUEM DISSE BERENICE,3,MAQUIAGEM,2019-03-03,20
4,VULT,2,PERFUMARIA,2019-09-08,10
4,VULT,4,SOLAR,2017-08-07,15
1,BOTICÁRIO,1,CABELOS,2017-02-15,4
1,BOTICÁRIO,5,HIDRATANTES,2017-12-04,2
5,BELEZA NA WEB,1,CABELOS,2017-12-25,10
4,VULT,4,SOLAR,2017-11-14,2
3,QUEM DISSE BERENICE,5,HIDRATANTES,2017-04-13,7
1,BOTICÁRIO,5,HIDRATANTES,2017-05-02,17
5,BELEZA NA WEB,2,PERFUMARIA,2017-04-26,7
4,VULT,3,MAQUIAGEM,2017-01-10,1
4,VULT,1,CABELOS,2017-09-08,3
4,VULT,4,SOLAR,2017-07-07,1
5,BELEZA NA WEB,3,MAQUIAGEM,2017-01-11,2
2,EUDORA,5,HIDRATANTES,2017-07-11,16
5,BELEZA NA WEB,2,PERFUMARIA,2017-08-16,1
1,BOTICÁRIO,3,MAQUIAGEM,2017-07-19,7
2,EUDORA,1,CABELOS,2017-11-21,2
5,BELEZA NA WEB,2,PERFUMARIA,2017-12-17,9
2,EUDORA,5,HIDRATANTES,2017-04-18,19
5,BELEZA NA WEB,4,SOLAR,2017-06-18,16
5,BELEZA NA WEB,3,MAQUIAGEM,2017-12-08,9
4,VULT,3,MAQUIAGEM,2017-06-22,9
4,VULT,4,SOLAR,2017-08-16,11
4,VULT,3,MAQUIAGEM,2017-10-16,8
5,BELEZA NA WEB,1,CABELOS,2017-03-21,15
5,BELEZA NA WEB,2,PERFUMARIA,2017-08-20,17
1,BOTICÁRIO,4,SOLAR,2017-06-11,14
3,QUEM DISSE BERENICE,1,CABELOS,2017-02-15,15
2,EUDORA,2,PERFUMARIA,2017-09-27,10
5,BELEZA NA WEB,2,PERFUMARIA,2017-09-26,15
4,VULT,5,HIDRATANTES,2017-08-19,11
5,BELEZA NA WEB,3,MAQUIAGEM,2017-08-18,5
2,EUDORA,1,CABELOS,2017-11-03,2
3,QUEM DISSE BERENICE,5,HIDRATANTES,2017-01-13,13
1,BOTICÁRIO,4,SOLAR,2017-10-23,3
3,QUEM DISSE BERENICE,4,SOLAR,2017-05-06,18
3,QUEM DISSE BERENICE,3,MAQUIAGEM,2017-01-12,1
4,VULT,4,SOLAR,2017-08-23,5
3,QUEM DISSE BERENICE,4,SOLAR,2017-08-21,6
1,BOTICÁRIO,4,SOLAR,2017-04-20,2
5,BELEZA NA WEB,2,PERFUMARIA,2017-01-18,4
5,BELEZA NA WEB,1,CABELOS,2017-05-23,9
3,QUEM DISSE BERENICE,5,HIDRATANTES,2017-05-27,6
5,BELEZA NA WEB,2,PERFUMARIA,2017-11-18,2
3,QUEM DISSE BERENICE,3,MAQUIAGEM,2017-05-01,11
4,VULT,2,PERFUMARIA,2017-12-27,11
4,VULT,1,CABELOS,2017-12-13,4
5,BELEZA NA WEB,4,SOLAR,2017-09-23,8
5,BELEZA NA WEB,3,MAQUIAGEM,2017-03-30,19
4,VULT,4,SOLAR,2017-07-14,6
2,EUDORA,1,CABELOS,2017-01-24,11
4,VULT,2,PERFUMARIA,2017-04-18,20
1,BOTICÁRIO,5,HIDRATANTES,2017-02-09,13
5,BELEZA NA WEB,4,SOLAR,2017-11-05,3
2,EUDORA,1,CABELOS,2017-09-09,1
3,QUEM DISSE BERENICE,3,MAQUIAGEM,2017-06-13,17
4,VULT,5,HIDRATANTES,2017-06-01,18
5,BELEZA NA WEB,3,MAQUIAGEM,2017-10-24,17
4,VULT,3,MAQUIAGEM,2017-02-26,1
1,BOTICÁRIO,5,HIDRATANTES,2017-08-08,11
1,BOTICÁRIO,4,SOLAR,2017-10-26,19
3,QUEM DISSE BERENICE,5,HIDRATANTES,2017-01-04,19
1,BOTICÁRIO,1,CABELOS,2017-12-07,13
5,BELEZA NA WEB,3,MAQUIAGEM,2017-02-02,10
4,VULT,1,CABELOS,2017-11-27,12
4,VULT,2,PERFUMARIA,2017-09-26,12
1,BOTICÁRIO,4,SOLAR,2017-02-04,9
4,VULT,4,SOLAR,2017-07-13,3
4,VULT,1,CABELOS,2017-07-20,8
3,QUEM DISSE BERENICE,1,CABELOS,2017-12-22,12
1,BOTICÁRIO,1,CABELOS,2017-05-04,19
3,QUEM DISSE BERENICE,2,PERFUMARIA,2017-10-07,16
5,BELEZA NA WEB,5,HIDRATANTES,2017-11-19,6
4,VULT,3,MAQUIAGEM,2017-07-18,14
5,BELEZA NA WEB,4,SOLAR,2017-09-05,11
1,BOTICÁRIO,2,PERFUMARIA,2017-09-12,6
2,EUDORA,2,PERFUMARIA,2017-11-06,16
2,EUDORA,4,SOLAR,2017-09-23,1
4,VULT,3,MAQUIAGEM,2017-12-01,11
4,VULT,4,SOLAR,2017-09-27,14
4,VULT,4,SOLAR,2017-07-06,12
1,BOTICÁRIO,5,HIDRATANTES,2017-03-05,20
3,QUEM DISSE BERENICE,3,MAQUIAGEM,2017-03-01,18
2,EUDORA,1,CABELOS,2017-04-02,19
1,BOTICÁRIO,3,MAQUIAGEM,2017-05-24,3
3,QUEM DISSE BERENICE,3,MAQUIAGEM,2017-03-11,17
5,BELEZA NA WEB,5,HIDRATANTES,2017-08-08,1
3,QUEM DISSE BERENICE,2,PERFUMARIA,2017-09-17,10
1,BOTICÁRIO,1,CABELOS,2017-07-27,9
4,VULT,3,MAQUIAGEM,2017-08-09,10
3,QUEM DISSE BERENICE,5,HIDRATANTES,2017-08-21,19
3,QUEM DISSE BERENICE,3,MAQUIAGEM,2017-06-22,6
2,EUDORA,4,SOLAR,2017-04-23,20
4,VULT,1,CABELOS,2017-04-08,16
2,EUDORA,1,CABELOS,2017-12-31,7
2,EUDORA,3,MAQUIAGEM,2017-09-15,11
3,QUEM DISSE BERENICE,4,SOLAR,2017-12-23,3
5,BELEZA NA WEB,4,SOLAR,2017-06-02,11
2,EUDORA,2,PERFUMARIA,2017-01-15,11
3,QUEM DISSE BERENICE,2,PERFUMARIA,2017-01-25,6
5,BELEZA NA WEB,3,MAQUIAGEM,2017-01-02,19
4,VULT,2,PERFUMARIA,2017-01-23,2
2,EUDORA,2,PERFUMARIA,2017-12-18,8
1,BOTICÁRIO,2,PERFUMARIA,2017-03-24,12
3,QUEM DISSE BERENICE,2,PERFUMARIA,2017-04-29,14
4,VULT,2,PERFUMARIA,2017-05-27,6
4,VULT,4,SOLAR,2017-03-19,18
1,BOTICÁRIO,5,HIDRATANTES,2017-04-15,7
4,VULT,5,HIDRATANTES,2017-12-17,3
5,BELEZA NA WEB,2,PERFUMARIA,2017-10-29,20
1,BOTICÁRIO,2,PERFUMARIA,2017-04-14,11
4,VULT,1,CABELOS,2017-04-12,6
3,QUEM DISSE BERENICE,5,HIDRATANTES,2017-12-10,4
3,QUEM DISSE BERENICE,5,HIDRATANTES,2017-08-03,3
5,BELEZA NA WEB,2,PERFUMARIA,2017-02-20,5
2,EUDORA,2,PERFUMARIA,2017-10-03,19
5,BELEZA NA WEB,2,PERFUMARIA,2017-03-14,4
1,BOTICÁRIO,4,SOLAR,2017-06-22,17
5,BELEZA NA WEB,3,MAQUIAGEM,2017-11-02,17
1,BOTICÁRIO,1,CABELOS,2017-02-24,19
4,VULT,4,SOLAR,2017-11-20,8
1,BOTICÁRIO,2,PERFUMARIA,2017-10-02,5
5,BELEZA NA WEB,1,CABELOS,2017-07-05,13
2,EUDORA,4,SOLAR,2017-08-11,19
4,VULT,5,HIDRATANTES,2017-09-12,20
5,BELEZA NA WEB,3,MAQUIAGEM,2017-12-03,17
1,BOTICÁRIO,2,PERFUMARIA,2017-04-16,13
2,EUDORA,5,HIDRATANTES,2017-08-02,5
1,BOTICÁRIO,3,MAQUIAGEM,2017-03-05,18
3,QUEM DISSE BERENICE,4,SOLAR,2017-07-04,16
3,QUEM DISSE BERENICE,1,CABELOS,2017-12-27,9
3,QUEM DISSE BERENICE,3,MAQUIAGEM,2017-01-16,15
1,BOTICÁRIO,1,CABELOS,2017-11-05,4
4,VULT,1,CABELOS,2017-04-04,6
5,BELEZA NA WEB,4,SOLAR,2017-12-16,9
1,BOTICÁRIO,5,HIDRATANTES,2017-05-17,13
1,BOTICÁRIO,1,CABELOS,2017-10-20,16
2,EUDORA,4,SOLAR,2017-07-16,10
3,QUEM DISSE BERENICE,2,PERFUMARIA,2017-02-06,20
5,BELEZA NA WEB,4,SOLAR,2017-11-02,4
4,VULT,3,MAQUIAGEM,2017-04-25,11
1,BOTICÁRIO,2,PERFUMARIA,2017-11-14,6
3,QUEM DISSE BERENICE,3,MAQUIAGEM,2017-06-28,12
2,EUDORA,5,HIDRATANTES,2017-08-13,10
1,BOTICÁRIO,4,SOLAR,2017-04-01,16
5,BELEZA NA WEB,3,MAQUIAGEM,2017-09-30,7
2,EUDORA,1,CABELOS,2017-06-25,14
3,QUEM DISSE BERENICE,5,HIDRATANTES,2017-11-26,19
4,VULT,2,PERFUMARIA,2017-11-29,19
5,BELEZA NA WEB,2,PERFUMARIA,2017-12-26,1
5,BELEZA NA WEB,3,MAQUIAGEM,2017-03-06,15
1,BOTICÁRIO,2,PERFUMARIA,2017-01-30,20
5,BELEZA NA WEB,1,CABELOS,2017-04-28,7
4,VULT,3,MAQUIAGEM,2017-02-02,3
2,EUDORA,5,HIDRATANTES,2017-04-09,17
3,QUEM DISSE BERENICE,5,HIDRATANTES,2017-08-07,14
1,BOTICÁRIO,2,PERFUMARIA,2017-08-07,5
4,VULT,2,PERFUMARIA,2017-12-10,1
4,VULT,1,CABELOS,2017-04-16,15
2,EUDORA,3,MAQUIAGEM,2017-03-31,11
1,BOTICÁRIO,3,MAQUIAGEM,2017-12-24,19
3,QUEM DISSE BERENICE,3,MAQUIAGEM,2017-12-02,1
2,EUDORA,5,HIDRATANTES,2017-07-15,3
5,BELEZA NA WEB,1,CABELOS,2017-08-26,14
2,EUDORA,2,PERFUMARIA,2017-12-27,9
3,QUEM DISSE BERENICE,2,PERFUMARIA,2017-01-23,12
5,BELEZA NA WEB,3,MAQUIAGEM,2017-09-10,2
2,EUDORA,2,PERFUMARIA,2017-12-13,5
5,BELEZA NA WEB,1,CABELOS,2017-12-27,7
3,QUEM DISSE BERENICE,2,PERFUMARIA,2017-06-03,5
5,BELEZA NA WEB,3,MAQUIAGEM,2017-04-09,3
5,BELEZA NA WEB,5,HIDRATANTES,2017-02-23,1
5,BELEZA NA WEB,5,HIDRATANTES,2017-11-15,2
4,VULT,5,HIDRATANTES,2017-04-28,13
3,QUEM DISSE BERENICE,5,HIDRATANTES,2017-01-09,20
1,BOTICÁRIO,5,HIDRATANTES,2017-10-03,15
2,EUDORA,1,CABELOS,2017-08-02,14
5,BELEZA NA WEB,3,MAQUIAGEM,2017-11-28,17
1,BOTICÁRIO,3,MAQUIAGEM,2017-12-01,16
4,VULT,3,MAQUIAGEM,2017-10-24,20
5,BELEZA NA WEB,1,CABELOS,2017-12-04,4
2,EUDORA,4,SOLAR,2017-11-02,1
2,EUDORA,2,PERFUMARIA,2017-07-16,11
4,VULT,5,HIDRATANTES,2017-07-08,11
5,BELEZA NA WEB,2,PERFUMARIA,2017-03-01,19
5,BELEZA NA WEB,1,CABELOS,2017-04-30,11
4,VULT,2,PERFUMARIA,2017-03-05,9
5,BELEZA NA WEB,2,PERFUMARIA,2017-03-06,20
3,QUEM DISSE BERENICE,5,HIDRATANTES,2017-07-31,5
5,BELEZA NA WEB,2,PERFUMARIA,2017-09-19,4
5,BELEZA NA WEB,1,CABELOS,2017-12-22,1
3,QUEM DISSE BERENICE,2,PERFUMARIA,2017-04-15,4
3,QUEM DISSE BERENICE,2,PERFUMARIA,2017-10-25,7
4,VULT,1,CABELOS,2017-12-09,1
1,BOTICÁRIO,4,SOLAR,2017-06-07,7
4,VULT,2,PERFUMARIA,2017-01-05,13
1,BOTICÁRIO,3,MAQUIAGEM,2017-08-28,2
3,QUEM DISSE BERENICE,4,SOLAR,2017-06-20,20
1,BOTICÁRIO,3,MAQUIAGEM,2017-06-02,10
5,BELEZA NA WEB,5,HIDRATANTES,2017-10-15,8
2,EUDORA,1,CABELOS,2017-05-01,10
2,EUDORA,2,PERFUMARIA,2017-08-28,18
1,BOTICÁRIO,3,MAQUIAGEM,2017-11-16,16
5,BELEZA NA WEB,4,SOLAR,2017-05-23,17
1,BOTICÁRIO,2,PERFUMARIA,2017-03-29,10
3,QUEM DISSE BERENICE,1,CABELOS,2017-02-03,15
3,QUEM DISSE BERENICE,5,HIDRATANTES,2017-08-06,19
1,BOTICÁRIO,1,CABELOS,2017-09-22,16
2,EUDORA,5,HIDRATANTES,2017-02-18,10
5,BELEZA NA WEB,4,SOLAR,2017-02-04,2
3,QUEM DISSE BERENICE,5,HIDRATANTES,2017-11-15,7
3,QUEM DISSE BERENICE,4,SOLAR,2017-10-29,17
5,BELEZA NA WEB,1,CABELOS,2017-01-23,7
5,BELEZA NA WEB,1,CABELOS,2017-10-28,4
2,EUDORA,4,SOLAR,2017-03-27,16
1,BOTICÁRIO,1,CABELOS,2017-07-22,20
1,BOTICÁRIO,5,HIDRATANTES,2017-10-26,5
3,QUEM DISSE BERENICE,5,HIDRATANTES,2017-09-10,3
1,BOTICÁRIO,5,HIDRATANTES,2017-12-14,1
2,EUDORA,1,CABELOS,2017-11-14,5
4,VULT,2,PERFUMARIA,2017-04-09,16
1,BOTICÁRIO,5,HIDRATANTES,2017-04-18,3
1,BOTICÁRIO,4,SOLAR,2017-12-03,8
3,QUEM DISSE BERENICE,3,MAQUIAGEM,2017-11-08,12
3,QUEM DISSE BERENICE,5,HIDRATANTES,2017-11-04,6
1,BOTICÁRIO,3,MAQUIAGEM,2017-09-07,3
3,QUEM DISSE BERENICE,5,HIDRATANTES,2017-11-01,6
3,QUEM DISSE BERENICE,1,CABELOS,2017-03-26,5
1,BOTICÁRIO,1,CABELOS,2017-12-01,12
3,QUEM DISSE BERENICE,5,HIDRATANTES,2017-09-18,1
1,BOTICÁRIO,5,HIDRATANTES,2017-11-12,5
4,VULT,4,SOLAR,2017-12-16,13
5,BELEZA NA WEB,1,CABELOS,2017-03-03,11
4,VULT,1,CABELOS,2017-01-26,14
4,VULT,1,CABELOS,2017-01-24,4
4,VULT,4,SOLAR,2017-10-10,6
5,BELEZA NA WEB,1,CABELOS,2017-11-19,18
3,QUEM DISSE BERENICE,5,HIDRATANTES,2017-09-18,10
4,VULT,1,CABELOS,2017-07-22,2
3,QUEM DISSE BERENICE,2,PERFUMARIA,2017-02-06,13
5,BELEZA NA WEB,4,SOLAR,2017-02-08,6
4,VULT,3,MAQUIAGEM,2017-01-20,20
3,QUEM DISSE BERENICE,1,CABELOS,2017-10-23,12
3,QUEM DISSE BERENICE,1,CABELOS,2017-10-14,20
2,EUDORA,5,HIDRATANTES,2017-05-08,7
1,BOTICÁRIO,2,PERFUMARIA,2017-03-30,8
5,BELEZA NA WEB,4,SOLAR,2017-10-31,4
4,VULT,5,HIDRATANTES,2017-05-10,5
5,BELEZA NA WEB,2,PERFUMARIA,2017-03-28,8
1,BOTICÁRIO,4,SOLAR,2017-10-12,13
1,BOTICÁRIO,2,PERFUMARIA,2017-09-07,11
4,VULT,4,SOLAR,2017-06-17,10
2,EUDORA,5,HIDRATANTES,2017-04-03,15
5,BELEZA NA WEB,4,SOLAR,2017-10-11,15
2,EUDORA,3,MAQUIAGEM,2017-01-11,9
4,VULT,2,PERFUMARIA,2017-05-29,12
3,QUEM DISSE BERENICE,4,SOLAR,2017-11-03,14
5,BELEZA NA WEB,5,HIDRATANTES,2017-02-18,1
5,BELEZA NA WEB,2,PERFUMARIA,2017-08-08,7
3,QUEM DISSE BERENICE,4,SOLAR,2017-03-08,18
1,BOTICÁRIO,2,PERFUMARIA,2017-03-21,2
1,BOTICÁRIO,4,SOLAR,2017-10-25,19
3,QUEM DISSE BERENICE,2,PERFUMARIA,2017-10-25,19
4,VULT,4,SOLAR,2017-09-02,20
5,BELEZA NA WEB,2,PERFUMARIA,2017-01-24,14
1,BOTICÁRIO,2,PERFUMARIA,2017-02-12,4
1,BOTICÁRIO,4,SOLAR,2017-01-19,2
4,VULT,4,SOLAR,2017-03-17,3
3,QUEM DISSE BERENICE,5,HIDRATANTES,2017-03-30,20
1,BOTICÁRIO,3,MAQUIAGEM,2017-02-20,14
1,BOTICÁRIO,4,SOLAR,2017-10-29,6
4,VULT,1,CABELOS,2017-01-20,16
1,BOTICÁRIO,1,CABELOS,2017-03-20,4
4,VULT,2,PERFUMARIA,2017-06-19,3
2,EUDORA,4,SOLAR,2017-07-10,10
1,BOTICÁRIO,1,CABELOS,2017-10-28,15
1,BOTICÁRIO,1,CABELOS,2017-12-16,20
2,EUDORA,2,PERFUMARIA,2017-10-12,3
5,BELEZA NA WEB,3,MAQUIAGEM,2017-07-18,10
5,BELEZA NA WEB,2,PERFUMARIA,2017-04-10,3
3,QUEM DISSE BERENICE,3,MAQUIAGEM,2017-08-12,13
4,VULT,3,MAQUIAGEM,2017-09-06,16
3,QUEM DISSE BERENICE,4,SOLAR,2017-04-24,9
1,BOTICÁRIO,5,HIDRATANTES,2017-10-19,20
5,BELEZA NA WEB,4,SOLAR,2017-05-12,16
4,VULT,4,SOLAR,2017-04-10,6
5,BELEZA NA WEB,1,CABELOS,2017-05-12,20
1,BOTICÁRIO,4,SOLAR,2017-10-28,18
5,BELEZA NA WEB,4,SOLAR,2017-10-23,2
4,VULT,1,CABELOS,2017-11-15,8
5,BELEZA NA WEB,5,HIDRATANTES,2017-01-20,15
3,QUEM DISSE BERENICE,5,HIDRATANTES,2017-06-08,7
3,QUEM DISSE BERENICE,4,SOLAR,2017-04-29,1
1,BOTICÁRIO,1,CABELOS,2017-07-17,10
1,BOTICÁRIO,2,PERFUMARIA,2017-02-19,15
5,BELEZA NA WEB,5,HIDRATANTES,2017-12-30,13
4,VULT,3,MAQUIAGEM,2017-05-01,8
2,EUDORA,1,CABELOS,2017-11-06,20
1,BOTICÁRIO,4,SOLAR,2017-10-22,8
5,BELEZA NA WEB,5,HIDRATANTES,2017-01-19,1
1,BOTICÁRIO,3,MAQUIAGEM,2017-08-14,7
2,EUDORA,2,PERFUMARIA,2017-04-28,15
5,BELEZA NA WEB,5,HIDRATANTES,2017-01-22,3
5,BELEZA NA WEB,1,CABELOS,2017-06-23,16
1,BOTICÁRIO,4,SOLAR,2017-04-25,18
4,VULT,5,HIDRATANTES,2017-05-07,5
2,EUDORA,3,MAQUIAGEM,2017-09-28,20
4,VULT,5,HIDRATANTES,2017-02-04,6
4,VULT,4,SOLAR,2017-02-21,10
5,BELEZA NA WEB,1,CABELOS,2017-03-15,1
3,QUEM DISSE BERENICE,4,SOLAR,2017-01-14,8
5,BELEZA NA WEB,5,HIDRATANTES,2017-10-27,4
1,BOTICÁRIO,4,SOLAR,2017-07-03,10
4,VULT,4,SOLAR,2017-10-07,17
1,BOTICÁRIO,1,CABELOS,2017-10-10,7
5,BELEZA NA WEB,5,HIDRATANTES,2017-07-11,14
1,BOTICÁRIO,1,CABELOS,2017-09-21,17
4,VULT,4,SOLAR,2017-03-15,1
4,VULT,3,MAQUIAGEM,2017-12-14,14
1,BOTICÁRIO,5,HIDRATANTES,2017-03-02,14
5,BELEZA NA WEB,5,HIDRATANTES,2017-04-25,13
1,BOTICÁRIO,2,PERFUMARIA,2017-08-24,17
3,QUEM DISSE BERENICE,1,CABELOS,2017-12-31,13
1,BOTICÁRIO,3,MAQUIAGEM,2017-06-26,20
5,BELEZA NA WEB,4,SOLAR,2017-12-12,4
5,BELEZA NA WEB,2,PERFUMARIA,2017-10-18,6
4,VULT,5,HIDRATANTES,2017-06-18,15
5,BELEZA NA WEB,1,CABELOS,2017-05-23,1
2,EUDORA,2,PERFUMARIA,2017-09-28,11
1,BOTICÁRIO,1,CABELOS,2017-04-19,2
4,VULT,4,SOLAR,2017-02-04,8
3,QUEM DISSE BERENICE,4,SOLAR,2017-01-17,4
3,QUEM DISSE BERENICE,3,MAQUIAGEM,2017-04-14,2
3,QUEM DISSE BERENICE,2,PERFUMARIA,2017-03-21,12
4,VULT,1,CABELOS,2017-03-07,10
5,BELEZA NA WEB,3,MAQUIAGEM,2017-10-11,4
1,BOTICÁRIO,1,CABELOS,2017-04-08,3
5,BELEZA NA WEB,5,HIDRATANTES,2017-05-11,11
3,QUEM DISSE BERENICE,1,CABELOS,2017-05-23,5
3,QUEM DISSE BERENICE,5,HIDRATANTES,2017-07-31,4
1,BOTICÁRIO,2,PERFUMARIA,2017-08-17,7
5,BELEZA NA WEB,4,SOLAR,2017-06-02,14
5,BELEZA NA WEB,3,MAQUIAGEM,2017-11-10,10
5,BELEZA NA WEB,1,CABELOS,2017-10-05,16
4,VULT,3,MAQUIAGEM,2017-08-04,11
3,QUEM DISSE BERENICE,1,CABELOS,2017-12-09,11
5,BELEZA NA WEB,1,CABELOS,2017-12-09,19
3,QUEM DISSE BERENICE,2,PERFUMARIA,2017-07-09,3
2,EUDORA,4,SOLAR,2017-08-16,15
4,VULT,2,PERFUMARIA,2017-10-25,5
5,BELEZA NA WEB,1,CABELOS,2017-11-18,9
3,QUEM DISSE BERENICE,5,HIDRATANTES,2017-12-21,11
4,VULT,1,CABELOS,2017-06-12,12
2,EUDORA,3,MAQUIAGEM,2017-01-12,5
1,BOTICÁRIO,2,PERFUMARIA,2017-04-22,4
3,QUEM DISSE BERENICE,3,MAQUIAGEM,2017-01-05,1
3,QUEM DISSE BERENICE,5,HIDRATANTES,2017-07-05,11
2,EUDORA,2,PERFUMARIA,2017-10-17,19
5,BELEZA NA WEB,3,MAQUIAGEM,2017-08-05,17
5,BELEZA NA WEB,4,SOLAR,2017-09-28,15
3,QUEM DISSE BERENICE,4,SOLAR,2017-11-11,1
3,QUEM DISSE BERENICE,3,MAQUIAGEM,2017-01-10,10
4,VULT,1,CABELOS,2017-04-15,18
5,BELEZA NA WEB,3,MAQUIAGEM,2017-05-10,6
4,VULT,2,PERFUMARIA,2017-12-01,6
4,VULT,3,MAQUIAGEM,2017-06-11,19
4,VULT,2,PERFUMARIA,2017-10-23,18
5,BELEZA NA WEB,3,MAQUIAGEM,2017-12-04,1
1,BOTICÁRIO,5,HIDRATANTES,2017-12-25,9
4,VULT,1,CABELOS,2017-09-03,20
3,QUEM DISSE BERENICE,2,PERFUMARIA,2017-11-30,13
5,BELEZA NA WEB,3,MAQUIAGEM,2017-01-17,15
5,BELEZA NA WEB,1,CABELOS,2017-04-02,11
2,EUDORA,5,HIDRATANTES,2017-05-23,20
1,BOTICÁRIO,4,SOLAR,2017-04-30,15
4,VULT,1,CABELOS,2017-08-03,17
1,BOTICÁRIO,1,CABELOS,2017-10-01,15
2,EUDORA,3,MAQUIAGEM,2017-04-26,1
3,QUEM DISSE BERENICE,4,SOLAR,2017-02-09,8
5,BELEZA NA WEB,1,CABELOS,2017-03-08,7
2,EUDORA,2,PERFUMARIA,2017-02-22,19
5,BELEZA NA WEB,5,HIDRATANTES,2017-08-17,1
4,VULT,1,CABELOS,2017-01-18,16
4,VULT,3,MAQUIAGEM,2017-04-06,15
4,VULT,2,PERFUMARIA,2017-11-16,12
2,EUDORA,2,PERFUMARIA,2017-12-19,18
1,BOTICÁRIO,5,HIDRATANTES,2017-03-22,10
5,BELEZA NA WEB,5,HIDRATANTES,2017-07-24,5
3,QUEM DISSE BERENICE,3,MAQUIAGEM,2017-08-23,17
3,QUEM DISSE BERENICE,1,CABELOS,2017-03-07,3
1,BOTICÁRIO,1,CABELOS,2017-11-04,15
4,VULT,2,PERFUMARIA,2017-08-26,6
2,EUDORA,4,SOLAR,2017-11-15,13
5,BELEZA NA WEB,5,HIDRATANTES,2017-03-25,10
3,QUEM DISSE BERENICE,5,HIDRATANTES,2017-08-13,8
3,QUEM DISSE BERENICE,4,SOLAR,2017-10-02,20
1,BOTICÁRIO,1,CABELOS,2017-11-09,10
3,QUEM DISSE BERENICE,3,MAQUIAGEM,2017-09-24,15
5,BELEZA NA WEB,3,MAQUIAGEM,2017-11-30,13
5,BELEZA NA WEB,1,CABELOS,2017-08-03,2
3,QUEM DISSE BERENICE,2,PERFUMARIA,2017-07-04,10
5,BELEZA NA WEB,5,HIDRATANTES,2017-10-26,2
3,QUEM DISSE BERENICE,3,MAQUIAGEM,2017-12-15,2
3,QUEM DISSE BERENICE,4,SOLAR,2017-06-17,6
3,QUEM DISSE BERENICE,1,CABELOS,2017-08-20,2
5,BELEZA NA WEB,1,CABELOS,2017-06-15,8
4,VULT,4,SOLAR,2017-06-09,19
3,QUEM DISSE BERENICE,4,SOLAR,2017-11-02,14
1,BOTICÁRIO,2,PERFUMARIA,2017-07-13,7
2,EUDORA,1,CABELOS,2017-11-12,7
4,VULT,2,PERFUMARIA,2017-07-05,1
1,BOTICÁRIO,5,HIDRATANTES,2017-06-22,9
4,VULT,2,PERFUMARIA,2017-02-03,2
1,BOTICÁRIO,4,SOLAR,2017-07-29,16
2,EUDORA,4,SOLAR,2017-03-29,15
4,VULT,4,SOLAR,2017-09-25,2
3,QUEM DISSE BERENICE,1,CABELOS,2017-07-26,15
1,BOTICÁRIO,5,HIDRATANTES,2017-07-31,12
5,BELEZA NA WEB,5,HIDRATANTES,2017-11-22,18
1,BOTICÁRIO,4,SOLAR,2017-08-30,14
3,QUEM DISSE BERENICE,1,CABELOS,2017-05-18,9
1,BOTICÁRIO,4,SOLAR,2017-02-10,5
2,EUDORA,4,SOLAR,2017-08-25,10
5,BELEZA NA WEB,5,HIDRATANTES,2017-02-06,14
2,EUDORA,4,SOLAR,2017-09-29,12
1,BOTICÁRIO,3,MAQUIAGEM,2017-03-06,16
4,VULT,1,CABELOS,2017-07-24,1
3,QUEM DISSE BERENICE,4,SOLAR,2017-03-05,19
5,BELEZA NA WEB,4,SOLAR,2017-12-03,13
5,BELEZA NA WEB,5,HIDRATANTES,2017-08-19,11
5,BELEZA NA WEB,5,HIDRATANTES,2017-12-10,10
3,QUEM DISSE BERENICE,5,HIDRATANTES,2017-09-08,5
4,VULT,4,SOLAR,2017-03-30,7
4,VULT,4,SOLAR,2017-05-30,10
4,VULT,3,MAQUIAGEM,2017-03-08,15
1,BOTICÁRIO,1,CABELOS,2017-03-20,17
3,QUEM DISSE BERENICE,3,MAQUIAGEM,2017-12-13,12
4,VULT,2,PERFUMARIA,2017-07-27,9
5,BELEZA NA WEB,2,PERFUMARIA,2017-03-25,17
4,VULT,3,MAQUIAGEM,2017-06-23,1
4,VULT,5,HIDRATANTES,2017-08-06,5
4,VULT,2,PERFUMARIA,2017-03-19,14
3,QUEM DISSE BERENICE,1,CABELOS,2017-01-01,2
3,QUEM DISSE BERENICE,1,CABELOS,2017-10-06,5
5,BELEZA NA WEB,3,MAQUIAGEM,2017-10-24,1
5,BELEZA NA WEB,4,SOLAR,2017-03-06,18
3,QUEM DISSE BERENICE,1,CABELOS,2017-11-30,19
2,EUDORA,5,HIDRATANTES,2017-11-05,7
5,BELEZA NA WEB,2,PERFUMARIA,2017-03-21,3
3,QUEM DISSE BERENICE,1,CABELOS,2017-08-22,8
2,EUDORA,1,CABELOS,2017-02-12,5
5,BELEZA NA WEB,4,SOLAR,2017-05-18,6
5,BELEZA NA WEB,3,MAQUIAGEM,2017-11-06,12
4,VULT,1,CABELOS,2017-07-25,16
1,BOTICÁRIO,3,MAQUIAGEM,2017-11-27,18
1,BOTICÁRIO,1,CABELOS,2017-09-30,12
3,QUEM DISSE BERENICE,4,SOLAR,2017-10-12,18
4,VULT,5,HIDRATANTES,2017-06-10,9
5,BELEZA NA WEB,2,PERFUMARIA,2017-06-06,20
1,BOTICÁRIO,5,HIDRATANTES,2017-04-18,7
2,EUDORA,3,MAQUIAGEM,2017-10-19,15
3,QUEM DISSE BERENICE,5,HIDRATANTES,2017-09-19,17
5,BELEZA NA WEB,1,CABELOS,2017-08-16,7
1,BOTICÁRIO,1,CABELOS,2017-11-14,13
4,VULT,5,HIDRATANTES,2017-09-13,13
2,EUDORA,1,CABELOS,2017-08-23,5
3,QUEM DISSE BERENICE,4,SOLAR,2017-08-06,14
5,BELEZA NA WEB,4,SOLAR,2017-05-09,4
5,BELEZA NA WEB,3,MAQUIAGEM,2017-06-29,6
4,VULT,3,MAQUIAGEM,2017-05-25,10
3,QUEM DISSE BERENICE,1,CABELOS,2017-04-29,2
2,EUDORA,5,HIDRATANTES,2017-10-17,6
2,EUDORA,1,CABELOS,2017-11-03,11
4,VULT,2,PERFUMARIA,2017-04-10,11
5,BELEZA NA WEB,1,CABELOS,2017-11-11,8
2,EUDORA,3,MAQUIAGEM,2017-09-07,3
3,QUEM DISSE BERENICE,5,HIDRATANTES,2017-06-21,2
4,VULT,1,CABELOS,2017-03-16,18
3,QUEM DISSE BERENICE,3,MAQUIAGEM,2017-12-31,4
5,BELEZA NA WEB,5,HIDRATANTES,2017-05-27,9
5,BELEZA NA WEB,5,HIDRATANTES,2017-09-16,16
3,QUEM DISSE BERENICE,1,CABELOS,2017-03-16,19
1,BOTICÁRIO,5,HIDRATANTES,2017-05-25,1
4,VULT,5,HIDRATANTES,2017-11-19,18
5,BELEZA NA WEB,1,CABELOS,2017-09-17,3
1,BOTICÁRIO,4,SOLAR,2017-05-19,12
3,QUEM DISSE BERENICE,5,HIDRATANTES,2017-08-17,12
4,VULT,4,SOLAR,2017-01-08,16
5,BELEZA NA WEB,2,PERFUMARIA,2017-01-27,6
1,BOTICÁRIO,5,HIDRATANTES,2017-04-25,3
3,QUEM DISSE BERENICE,2,PERFUMARIA,2017-10-12,17
3,QUEM DISSE BERENICE,2,PERFUMARIA,2017-10-21,12
1,BOTICÁRIO,1,CABELOS,2017-02-08,17
3,QUEM DISSE BERENICE,4,SOLAR,2017-10-23,20
5,BELEZA NA WEB,3,MAQUIAGEM,2017-07-13,20
5,BELEZA NA WEB,5,HIDRATANTES,2017-07-02,10
4,VULT,1,CABELOS,2017-08-14,9
4,VULT,5,HIDRATANTES,2017-12-26,17
2,EUDORA,1,CABELOS,2017-07-02,17
2,EUDORA,2,PERFUMARIA,2017-09-15,1
5,BELEZA NA WEB,1,CABELOS,2017-09-03,11
4,VULT,5,HIDRATANTES,2017-04-05,19
1,BOTICÁRIO,1,CABELOS,2017-06-15,17
5,BELEZA NA WEB,4,SOLAR,2017-08-29,1
2,EUDORA,5,HIDRATANTES,2017-04-26,17
5,BELEZA NA WEB,5,HIDRATANTES,2017-12-23,7
3,QUEM DISSE BERENICE,3,MAQUIAGEM,2017-07-16,9
2,EUDORA,1,CABELOS,2017-03-12,18
2,EUDORA,3,MAQUIAGEM,2017-07-25,6
4,VULT,3,MAQUIAGEM,2017-11-30,3
5,BELEZA NA WEB,2,PERFUMARIA,2017-12-11,14
1,BOTICÁRIO,5,HIDRATANTES,2017-01-26,17
3,QUEM DISSE BERENICE,2,PERFUMARIA,2017-07-04,12
4,VULT,3,MAQUIAGEM,2017-05-06,12
2,EUDORA,5,HIDRATANTES,2017-08-27,4
4,VULT,4,SOLAR,2017-12-13,11
1,BOTICÁRIO,2,PERFUMARIA,2017-05-02,10
4,VULT,3,MAQUIAGEM,2017-09-22,19
4,VULT,2,PERFUMARIA,2017-04-18,1
3,QUEM DISSE BERENICE,5,HIDRATANTES,2017-06-04,8
5,BELEZA NA WEB,3,MAQUIAGEM,2017-07-17,6
2,EUDORA,4,SOLAR,2017-02-28,15
3,QUEM DISSE BERENICE,2,PERFUMARIA,2017-05-13,11
2,EUDORA,2,PERFUMARIA,2017-10-20,8
5,BELEZA NA WEB,5,HIDRATANTES,2017-09-10,17
2,EUDORA,2,PERFUMARIA,2017-03-13,10
1,BOTICÁRIO,3,MAQUIAGEM,2017-06-08,16
3,QUEM DISSE BERENICE,1,CABELOS,2017-02-15,18
5,BELEZA NA WEB,1,CABELOS,2017-06-19,19
2,EUDORA,2,PERFUMARIA,2017-09-13,15
5,BELEZA NA WEB,5,HIDRATANTES,2017-08-31,20
2,EUDORA,5,HIDRATANTES,2017-05-01,1
4,VULT,2,PERFUMARIA,2017-07-19,6
3,QUEM DISSE BERENICE,2,PERFUMARIA,2017-10-18,9
3,QUEM DISSE BERENICE,5,HIDRATANTES,2017-05-06,4
5,BELEZA NA WEB,4,SOLAR,2017-12-03,17
1,BOTICÁRIO,4,SOLAR,2017-01-05,2
1,BOTICÁRIO,1,CABELOS,2017-07-03,10
3,QUEM DISSE BERENICE,5,HIDRATANTES,2017-09-19,6
2,EUDORA,2,PERFUMARIA,2017-02-24,12
4,VULT,2,PERFUMARIA,2017-01-15,20
5,BELEZA NA WEB,1,CABELOS,2017-01-28,18
4,VULT,4,SOLAR,2017-03-02,4
2,EUDORA,2,PERFUMARIA,2017-07-01,10
1,BOTICÁRIO,5,HIDRATANTES,2017-01-13,12
3,QUEM DISSE BERENICE,4,SOLAR,2017-10-03,14
5,BELEZA NA WEB,3,MAQUIAGEM,2017-10-01,12
5,BELEZA NA WEB,2,PERFUMARIA,2017-09-03,13
4,VULT,1,CABELOS,2017-11-15,17
2,EUDORA,3,MAQUIAGEM,2017-03-05,11
4,VULT,4,SOLAR,2017-05-26,4
1,BOTICÁRIO,1,CABELOS,2017-08-17,15
5,BELEZA NA WEB,4,SOLAR,2017-01-17,13
3,QUEM DISSE BERENICE,3,MAQUIAGEM,2017-07-30,8
3,QUEM DISSE BERENICE,4,SOLAR,2017-09-19,1
2,EUDORA,5,HIDRATANTES,2017-11-12,11
3,QUEM DISSE BERENICE,3,MAQUIAGEM,2017-04-22,4
4,VULT,5,HIDRATANTES,2017-03-27,19
1,BOTICÁRIO,3,MAQUIAGEM,2017-05-25,12
2,EUDORA,1,CABELOS,2017-12-13,17
4,VULT,4,SOLAR,2017-01-07,7
1,BOTICÁRIO,2,PERFUMARIA,2017-05-11,2
2,EUDORA,4,SOLAR,2017-10-11,1
3,QUEM DISSE BERENICE,2,PERFUMARIA,2017-06-26,17
5,BELEZA NA WEB,3,MAQUIAGEM,2017-01-13,8
3,QUEM DISSE BERENICE,2,PERFUMARIA,2017-08-11,4
3,QUEM DISSE BERENICE,3,MAQUIAGEM,2017-06-21,20
3,QUEM DISSE BERENICE,4,SOLAR,2017-03-12,3
1,BOTICÁRIO,1,CABELOS,2017-11-18,20
2,EUDORA,4,SOLAR,2017-09-11,18
3,QUEM DISSE BERENICE,3,MAQUIAGEM,2017-03-17,18
4,VULT,5,HIDRATANTES,2017-03-27,18
3,QUEM DISSE BERENICE,4,SOLAR,2017-06-17,3
4,VULT,3,MAQUIAGEM,2017-07-09,1
4,VULT,3,MAQUIAGEM,2017-10-15,18
4,VULT,1,CABELOS,2017-04-13,15
1,BOTICÁRIO,5,HIDRATANTES,2017-04-27,7
3,QUEM DISSE BERENICE,4,SOLAR,2017-01-29,19
2,EUDORA,5,HIDRATANTES,2017-05-25,6
4,VULT,4,SOLAR,2017-05-02,10
1,BOTICÁRIO,5,HIDRATANTES,2017-12-17,13
1,BOTICÁRIO,2,PERFUMARIA,2017-09-28,7
2,EUDORA,3,MAQUIAGEM,2017-08-22,15
5,BELEZA NA WEB,3,MAQUIAGEM,2017-06-21,16
2,EUDORA,3,MAQUIAGEM,2017-08-12,1
4,VULT,2,PERFUMARIA,2017-07-02,14
4,VULT,2,PERFUMARIA,2017-12-18,16
1,BOTICÁRIO,2,PERFUMARIA,2017-06-06,14
2,EUDORA,4,SOLAR,2017-02-12,9
1,BOTICÁRIO,2,PERFUMARIA,2017-03-22,10
4,VULT,5,HIDRATANTES,2017-03-15,12
2,EUDORA,3,MAQUIAGEM,2017-04-24,11
5,BELEZA NA WEB,5,HIDRATANTES,2017-03-05,1
5,BELEZA NA WEB,1,CABELOS,2017-04-11,9
4,VULT,3,MAQUIAGEM,2017-05-17,2
5,BELEZA NA WEB,4,SOLAR,2017-12-10,5
2,EUDORA,5,HIDRATANTES,2017-10-03,6
1,BOTICÁRIO,1,CABELOS,2017-01-04,12
4,VULT,1,CABELOS,2017-02-18,17
3,QUEM DISSE BERENICE,5,HIDRATANTES,2017-04-08,17
5,BELEZA NA WEB,4,SOLAR,2017-10-10,1
2,EUDORA,2,PERFUMARIA,2017-11-08,15
4,VULT,3,MAQUIAGEM,2017-11-25,6
5,BELEZA NA WEB,3,MAQUIAGEM,2017-12-23,7
5,BELEZA NA WEB,4,SOLAR,2017-12-09,16
1,BOTICÁRIO,1,CABELOS,2017-04-18,13
5,BELEZA NA WEB,3,MAQUIAGEM,2017-02-28,3
3,QUEM DISSE BERENICE,3,MAQUIAGEM,2017-04-12,1
3,QUEM DISSE BERENICE,4,SOLAR,2017-12-21,14
3,QUEM DISSE BERENICE,2,PERFUMARIA,2017-04-30,10
3,QUEM DISSE BERENICE,3,MAQUIAGEM,2017-10-27,16
3,QUEM DISSE BERENICE,4,SOLAR,2017-07-25,18
3,QUEM DISSE BERENICE,3,MAQUIAGEM,2017-05-28,3
5,BELEZA NA WEB,1,CABELOS,2017-09-01,14
4,VULT,4,SOLAR,2017-04-24,4
1,BOTICÁRIO,2,PERFUMARIA,2017-09-15,5
3,QUEM DISSE BERENICE,4,SOLAR,2017-02-01,10
1,BOTICÁRIO,1,CABELOS,2017-09-05,13
1,BOTICÁRIO,5,HIDRATANTES,2017-02-04,1
4,VULT,3,MAQUIAGEM,2017-04-18,14
2,EUDORA,5,HIDRATANTES,2017-03-29,7
5,BELEZA NA WEB,3,MAQUIAGEM,2017-03-03,16
4,VULT,1,CABELOS,2017-02-12,17
2,EUDORA,2,PERFUMARIA,2017-04-21,16
2,EUDORA,3,MAQUIAGEM,2017-04-06,8
1,BOTICÁRIO,1,CABELOS,2017-09-25,1
4,VULT,3,MAQUIAGEM,2017-01-27,15
2,EUDORA,3,MAQUIAGEM,2017-10-07,11
2,EUDORA,4,SOLAR,2017-07-23,2
1,BOTICÁRIO,3,MAQUIAGEM,2017-07-05,5
3,QUEM DISSE BERENICE,4,SOLAR,2017-02-21,9
1,BOTICÁRIO,4,SOLAR,2017-05-17,7
2,EUDORA,5,HIDRATANTES,2017-06-28,6
3,QUEM DISSE BERENICE,1,CABELOS,2017-03-28,5
5,BELEZA NA WEB,2,PERFUMARIA,2017-01-07,7
1,BOTICÁRIO,2,PERFUMARIA,2017-10-13,15
5,BELEZA NA WEB,3,MAQUIAGEM,2017-04-28,4
4,VULT,1,CABELOS,2017-02-02,9
1,BOTICÁRIO,3,MAQUIAGEM,2017-02-26,19
1,BOTICÁRIO,3,MAQUIAGEM,2017-06-20,12
4,VULT,1,CABELOS,2017-02-11,7
2,EUDORA,5,HIDRATANTES,2017-12-22,1
2,EUDORA,3,MAQUIAGEM,2017-02-22,2
5,BELEZA NA WEB,3,MAQUIAGEM,2017-12-02,15
1,BOTICÁRIO,1,CABELOS,2017-11-06,17
1,BOTICÁRIO,2,PERFUMARIA,2017-11-18,6
2,EUDORA,2,PERFUMARIA,2017-06-15,6
4,VULT,3,MAQUIAGEM,2017-10-19,13
3,QUEM DISSE BERENICE,3,MAQUIAGEM,2017-06-04,6
4,VULT,2,PERFUMARIA,2017-09-22,2
3,QUEM DISSE BERENICE,1,CABELOS,2017-08-23,11
5,BELEZA NA WEB,3,MAQUIAGEM,2017-09-20,8
4,VULT,1,CABELOS,2017-11-09,5
2,EUDORA,2,PERFUMARIA,2017-12-17,16
2,EUDORA,5,HIDRATANTES,2017-12-14,2
1,BOTICÁRIO,4,SOLAR,2017-10-19,11
4,VULT,4,SOLAR,2017-10-22,8
5,BELEZA NA WEB,5,HIDRATANTES,2017-02-04,9
5,BELEZA NA WEB,4,SOLAR,2017-04-24,16
2,EUDORA,3,MAQUIAGEM,2017-11-23,13
5,BELEZA NA WEB,2,PERFUMARIA,2017-02-20,17
5,BELEZA NA WEB,5,HIDRATANTES,2017-05-29,11
4,VULT,2,PERFUMARIA,2017-09-07,12
1,BOTICÁRIO,3,MAQUIAGEM,2017-10-07,18
2,EUDORA,2,PERFUMARIA,2017-11-10,18
3,QUEM DISSE BERENICE,1,CABELOS,2017-08-05,3
4,VULT,1,CABELOS,2017-09-13,8
5,BELEZA NA WEB,1,CABELOS,2017-09-18,12
2,EUDORA,1,CABELOS,2017-06-27,16
4,VULT,2,PERFUMARIA,2017-11-02,8
2,EUDORA,5,HIDRATANTES,2017-09-20,17
3,QUEM DISSE BERENICE,2,PERFUMARIA,2017-10-23,15
1,BOTICÁRIO,5,HIDRATANTES,2017-05-14,5
2,EUDORA,5,HIDRATANTES,2017-10-16,9
3,QUEM DISSE BERENICE,2,PERFUMARIA,2017-04-04,14
5,BELEZA NA WEB,4,SOLAR,2017-03-13,12
1,BOTICÁRIO,1,CABELOS,2017-08-22,15
1,BOTICÁRIO,2,PERFUMARIA,2017-11-13,4
3,QUEM DISSE BERENICE,4,SOLAR,2017-10-28,2
2,EUDORA,2,PERFUMARIA,2017-10-12,6
3,QUEM DISSE BERENICE,1,CABELOS,2017-05-28,11
2,EUDORA,1,CABELOS,2017-04-24,10
2,EUDORA,2,PERFUMARIA,2017-11-18,15
3,QUEM DISSE BERENICE,5,HIDRATANTES,2017-06-22,4
4,VULT,5,HIDRATANTES,2017-08-12,3
2,EUDORA,3,MAQUIAGEM,2017-10-10,10
3,QUEM DISSE BERENICE,1,CABELOS,2017-06-16,4
1,BOTICÁRIO,1,CABELOS,2017-05-11,14
5,BELEZA NA WEB,5,HIDRATANTES,2017-10-28,19
4,VULT,1,CABELOS,2017-04-07,16
1,BOTICÁRIO,5,HIDRATANTES,2017-06-04,1
5,BELEZA NA WEB,5,HIDRATANTES,2017-01-18,16
5,BELEZA NA WEB,3,MAQUIAGEM,2017-09-06,17
3,QUEM DISSE BERENICE,4,SOLAR,2017-09-08,4
3,QUEM DISSE BERENICE,2,PERFUMARIA,2017-10-30,13
1,BOTICÁRIO,4,SOLAR,2017-03-03,13
3,QUEM DISSE BERENICE,3,MAQUIAGEM,2017-08-05,3
5,BELEZA NA WEB,1,CABELOS,2017-07-20,6
4,VULT,2,PERFUMARIA,2017-05-19,19
3,QUEM DISSE BERENICE,4,SOLAR,2017-07-15,8
4,VULT,3,MAQUIAGEM,2017-10-09,11
5,BELEZA NA WEB,2,PERFUMARIA,2017-04-24,4
1,BOTICÁRIO,2,PERFUMARIA,2017-12-31,3
4,VULT,4,SOLAR,2017-04-02,5
4,VULT,2,PERFUMARIA,2017-09-05,14
5,BELEZA NA WEB,3,MAQUIAGEM,2017-04-27,15
5,BELEZA NA WEB,5,HIDRATANTES,2017-01-30,4
1,BOTICÁRIO,4,SOLAR,2017-04-25,10
2,EUDORA,4,SOLAR,2017-09-30,7
2,EUDORA,5,HIDRATANTES,2017-12-01,16
2,EUDORA,5,HIDRATANTES,2017-04-12,5
2,EUDORA,4,SOLAR,2017-12-12,2
3,QUEM DISSE BERENICE,3,MAQUIAGEM,2017-04-08,6
2,EUDORA,4,SOLAR,2017-06-04,20
2,EUDORA,4,SOLAR,2017-12-24,2
3,QUEM DISSE BERENICE,2,PERFUMARIA,2017-05-24,3
1,BOTICÁRIO,2,PERFUMARIA,2017-04-21,13
2,EUDORA,3,MAQUIAGEM,2017-11-07,3
4,VULT,2,PERFUMARIA,2017-02-12,13
3,QUEM DISSE BERENICE,4,SOLAR,2017-10-30,5
5,BELEZA NA WEB,2,PERFUMARIA,2017-09-21,19
3,QUEM DISSE BERENICE,2,PERFUMARIA,2017-08-27,10
2,EUDORA,1,CABELOS,2017-01-04,20
1,BOTICÁRIO,1,CABELOS,2017-07-13,19
5,BELEZA NA WEB,3,MAQUIAGEM,2017-11-26,5
3,QUEM DISSE BERENICE,5,HIDRATANTES,2017-09-01,18
1,BOTICÁRIO,1,CABELOS,2017-09-17,19
1,BOTICÁRIO,1,CABELOS,2017-03-01,3
5,BELEZA NA WEB,4,SOLAR,2017-11-17,3
5,BELEZA NA WEB,1,CABELOS,2017-07-26,6
1,BOTICÁRIO,3,MAQUIAGEM,2017-07-21,14
2,EUDORA,3,MAQUIAGEM,2017-02-17,4
2,EUDORA,3,MAQUIAGEM,2017-08-14,15
4,VULT,2,PERFUMARIA,2017-05-16,12
2,EUDORA,3,MAQUIAGEM,2017-05-31,8
1,BOTICÁRIO,2,PERFUMARIA,2017-02-04,1
5,BELEZA NA WEB,5,HIDRATANTES,2017-11-11,3
1,BOTICÁRIO,5,HIDRATANTES,2017-12-20,3
2,EUDORA,4,SOLAR,2017-10-10,16
2,EUDORA,2,PERFUMARIA,2017-02-27,9
3,QUEM DISSE BERENICE,4,SOLAR,2017-12-14,6
3,QUEM DISSE BERENICE,5,HIDRATANTES,2017-05-09,18
2,EUDORA,4,SOLAR,2017-08-02,17
2,EUDORA,5,HIDRATANTES,2017-01-24,5
4,VULT,4,SOLAR,2017-11-18,16
4,VULT,5,HIDRATANTES,2017-01-14,9
5,BELEZA NA WEB,3,MAQUIAGEM,2017-01-25,13
3,QUEM DISSE BERENICE,3,MAQUIAGEM,2017-06-27,19
2,EUDORA,3,MAQUIAGEM,2017-08-17,14
1,BOTICÁRIO,3,MAQUIAGEM,2017-12-28,10
1,BOTICÁRIO,3,MAQUIAGEM,2017-02-23,16
2,EUDORA,4,SOLAR,2017-07-23,19
1,BOTICÁRIO,1,CABELOS,2017-07-06,17
3,QUEM DISSE BERENICE,2,PERFUMARIA,2017-05-01,6
2,EUDORA,3,MAQUIAGEM,2017-05-05,10
3,QUEM DISSE BERENICE,5,HIDRATANTES,2017-10-22,5
2,EUDORA,1,CABELOS,2017-12-16,12
4,VULT,2,PERFUMARIA,2017-08-26,8
3,QUEM DISSE BERENICE,1,CABELOS,2017-05-10,5
5,BELEZA NA WEB,4,SOLAR,2017-02-19,18
2,EUDORA,5,HIDRATANTES,2017-09-24,6
5,BELEZA NA WEB,5,HIDRATANTES,2017-08-14,6
1,BOTICÁRIO,4,SOLAR,2017-07-16,13
3,QUEM DISSE BERENICE,4,SOLAR,2017-11-24,19
4,VULT,1,CABELOS,2017-12-03,16
2,EUDORA,2,PERFUMARIA,2017-08-19,9
1,BOTICÁRIO,1,CABELOS,2017-08-30,19
2,EUDORA,3,MAQUIAGEM,2017-05-26,7
3,QUEM DISSE BERENICE,4,SOLAR,2017-01-25,17
4,VULT,4,SOLAR,2017-01-01,14
4,VULT,2,PERFUMARIA,2017-05-11,14
3,QUEM DISSE BERENICE,5,HIDRATANTES,2017-11-07,15
1,BOTICÁRIO,4,SOLAR,2017-01-14,1
2,EUDORA,3,MAQUIAGEM,2017-06-17,18
4,VULT,2,PERFUMARIA,2017-10-09,14
4,VULT,3,MAQUIAGEM,2017-05-10,8
4,VULT,2,PERFUMARIA,2017-10-04,10
1,BOTICÁRIO,3,MAQUIAGEM,2017-02-25,5
1,BOTICÁRIO,4,SOLAR,2017-03-10,2
4,VULT,1,CABELOS,2017-03-14,3
4,VULT,4,SOLAR,2017-12-16,17
3,QUEM DISSE BERENICE,5,HIDRATANTES,2017-01-31,12
5,BELEZA NA WEB,5,HIDRATANTES,2017-10-21,5
2,EUDORA,4,SOLAR,2017-12-25,13
3,QUEM DISSE BERENICE,5,HIDRATANTES,2017-05-13,5
5,BELEZA NA WEB,3,MAQUIAGEM,2017-10-01,5
5,BELEZA NA WEB,3,MAQUIAGEM,2017-03-29,6
3,QUEM DISSE BERENICE,5,HIDRATANTES,2017-10-25,16
2,EUDORA,5,HIDRATANTES,2017-04-14,16
4,VULT,3,MAQUIAGEM,2017-01-19,20
3,QUEM DISSE BERENICE,5,HIDRATANTES,2017-03-05,9
1,BOTICÁRIO,4,SOLAR,2017-05-11,10
1,BOTICÁRIO,3,MAQUIAGEM,2017-10-25,14
3,QUEM DISSE BERENICE,4,SOLAR,2017-05-23,17
1,BOTICÁRIO,5,HIDRATANTES,2017-12-18,9
5,BELEZA NA WEB,4,SOLAR,2017-09-10,6
2,EUDORA,5,HIDRATANTES,2017-03-01,16
2,EUDORA,1,CABELOS,2017-10-04,12
5,BELEZA NA WEB,2,PERFUMARIA,2017-01-24,18
1,BOTICÁRIO,3,MAQUIAGEM,2017-01-08,20
2,EUDORA,4,SOLAR,2017-11-26,9
5,BELEZA NA WEB,2,PERFUMARIA,2017-09-28,16
2,EUDORA,2,PERFUMARIA,2017-03-22,20
2,EUDORA,2,PERFUMARIA,2017-10-31,15
2,EUDORA,3,MAQUIAGEM,2017-04-13,18
3,QUEM DISSE BERENICE,4,SOLAR,2017-04-03,3
3,QUEM DISSE BERENICE,4,SOLAR,2017-05-05,10
2,EUDORA,3,MAQUIAGEM,2017-04-23,8
3,QUEM DISSE BERENICE,1,CABELOS,2017-02-12,3
1,BOTICÁRIO,4,SOLAR,2017-02-06,7
5,BELEZA NA WEB,3,MAQUIAGEM,2017-11-27,16
1,BOTICÁRIO,2,PERFUMARIA,2017-03-29,11
2,EUDORA,5,HIDRATANTES,2017-06-26,16
4,VULT,3,MAQUIAGEM,2017-06-16,3
2,EUDORA,3,MAQUIAGEM,2017-02-16,17
4,VULT,4,SOLAR,2017-03-01,20
4,VULT,3,MAQUIAGEM,2017-04-21,1
3,QUEM DISSE BERENICE,3,MAQUIAGEM,2017-04-23,17
5,BELEZA NA WEB,2,PERFUMARIA,2017-06-24,9
2,EUDORA,1,CABELOS,2017-07-05,10
1,BOTICÁRIO,3,MAQUIAGEM,2017-11-01,15
1,BOTICÁRIO,5,HIDRATANTES,2017-06-06,14
5,BELEZA NA WEB,4,SOLAR,2017-09-25,2
4,VULT,2,PERFUMARIA,2017-04-01,8
1,BOTICÁRIO,3,MAQUIAGEM,2017-02-04,13
3,QUEM DISSE BERENICE,3,MAQUIAGEM,2017-06-30,8
4,VULT,5,HIDRATANTES,2017-01-02,6
2,EUDORA,1,CABELOS,2017-10-31,10
1,BOTICÁRIO,1,CABELOS,2017-06-29,7
5,BELEZA NA WEB,1,CABELOS,2017-07-11,11
5,BELEZA NA WEB,2,PERFUMARIA,2017-02-05,6
2,EUDORA,3,MAQUIAGEM,2017-04-22,1
5,BELEZA NA WEB,4,SOLAR,2017-03-17,15
3,QUEM DISSE BERENICE,3,MAQUIAGEM,2017-09-09,3
4,VULT,4,SOLAR,2017-05-31,15
4,VULT,1,CABELOS,2017-03-23,17
4,VULT,2,PERFUMARIA,2017-03-01,13
5,BELEZA NA WEB,3,MAQUIAGEM,2017-05-26,6
1,BOTICÁRIO,2,PERFUMARIA,2017-01-18,6
4,VULT,2,PERFUMARIA,2017-03-02,6
4,VULT,1,CABELOS,2017-09-17,16
1,BOTICÁRIO,5,HIDRATANTES,2017-04-22,6
1,BOTICÁRIO,5,HIDRATANTES,2017-02-04,12
3,QUEM DISSE BERENICE,3,MAQUIAGEM,2017-09-26,8
5,BELEZA NA WEB,4,SOLAR,2017-05-07,17
4,VULT,4,SOLAR,2017-06-12,4
3,QUEM DISSE BERENICE,2,PERFUMARIA,2017-08-01,14
5,BELEZA NA WEB,3,MAQUIAGEM,2017-08-24,13
3,QUEM DISSE BERENICE,1,CABELOS,2017-03-13,8
2,EUDORA,1,CABELOS,2017-03-14,20
2,EUDORA,2,PERFUMARIA,2017-07-19,1
5,BELEZA NA WEB,1,CABELOS,2017-06-17,1
3,QUEM DISSE BERENICE,2,PERFUMARIA,2017-03-19,5
5,BELEZA NA WEB,5,HIDRATANTES,2017-02-15,17
2,EUDORA,1,CABELOS,2017-06-08,10
1,BOTICÁRIO,1,CABELOS,2017-11-24,16
3,QUEM DISSE BERENICE,2,PERFUMARIA,2017-01-18,8
3,QUEM DISSE BERENICE,1,CABELOS,2017-08-27,17
5,BELEZA NA WEB,1,CABELOS,2017-02-22,19
2,EUDORA,5,HIDRATANTES,2017-11-26,15
2,EUDORA,2,PERFUMARIA,2017-04-08,7
3,QUEM DISSE BERENICE,4,SOLAR,2017-10-27,3
3,QUEM DISSE BERENICE,2,PERFUMARIA,2017-10-27,16
1,BOTICÁRIO,5,HIDRATANTES,2017-12-18,3
3,QUEM DISSE BERENICE,5,HIDRATANTES,2017-04-13,18
5,BELEZA NA WEB,3,MAQUIAGEM,2017-09-17,4
2,EUDORA,4,SOLAR,2017-10-02,17
2,EUDORA,4,SOLAR,2017-06-16,5
1,BOTICÁRIO,4,SOLAR,2017-06-21,1
4,VULT,5,HIDRATANTES,2017-12-23,6
5,BELEZA NA WEB,4,SOLAR,2017-12-09,20
3,QUEM DISSE BERENICE,4,SOLAR,2017-09-11,11
3,QUEM DISSE BERENICE,1,CABELOS,2017-09-23,1
1,BOTICÁRIO,1,CABELOS,2017-03-23,19
5,BELEZA NA WEB,5,HIDRATANTES,2017-07-23,8
3,QUEM DISSE BERENICE,5,HIDRATANTES,2017-04-19,15
5,BELEZA NA WEB,3,MAQUIAGEM,2017-12-10,19
2,EUDORA,1,CABELOS,2017-07-31,9
1,BOTICÁRIO,3,MAQUIAGEM,2017-12-20,12
5,BELEZA NA WEB,5,HIDRATANTES,2017-09-16,20
3,QUEM DISSE BERENICE,5,HIDRATANTES,2017-12-25,16
1,BOTICÁRIO,4,SOLAR,2017-03-10,6
5,BELEZA NA WEB,3,MAQUIAGEM,2017-02-25,17
1,BOTICÁRIO,3,MAQUIAGEM,2017-10-02,5
1,BOTICÁRIO,4,SOLAR,2017-01-29,11
3,QUEM DISSE BERENICE,5,HIDRATANTES,2017-06-20,6
1,BOTICÁRIO,4,SOLAR,2017-09-24,13
3,QUEM DISSE BERENICE,3,MAQUIAGEM,2017-04-15,18
1,BOTICÁRIO,5,HIDRATANTES,2017-04-09,1
1,BOTICÁRIO,3,MAQUIAGEM,2017-01-07,13
1,BOTICÁRIO,2,PERFUMARIA,2017-01-12,5
4,VULT,2,PERFUMARIA,2017-01-31,19
4,VULT,1,CABELOS,2017-12-14,11
3,QUEM DISSE BERENICE,5,HIDRATANTES,2017-08-07,17
4,VULT,4,SOLAR,2017-09-15,14
2,EUDORA,1,CABELOS,2017-11-12,11
4,VULT,1,CABELOS,2017-12-13,16
1,BOTICÁRIO,2,PERFUMARIA,2017-06-11,19
4,VULT,4,SOLAR,2017-06-16,1
2,EUDORA,1,CABELOS,2017-06-14,11
3,QUEM DISSE BERENICE,3,MAQUIAGEM,2017-02-12,3
1,BOTICÁRIO,5,HIDRATANTES,2017-01-07,3
3,QUEM DISSE BERENICE,3,MAQUIAGEM,2017-12-28,1
3,QUEM DISSE BERENICE,4,SOLAR,2017-06-05,1
2,EUDORA,3,MAQUIAGEM,2017-08-02,5
4,VULT,2,PERFUMARIA,2017-11-09,12
5,BELEZA NA WEB,3,MAQUIAGEM,2017-07-31,7
3,QUEM DISSE BERENICE,2,PERFUMARIA,2017-03-09,11
3,QUEM DISSE BERENICE,2,PERFUMARIA,2017-04-06,14
4,VULT,2,PERFUMARIA,2017-05-24,10
1,BOTICÁRIO,3,MAQUIAGEM,2017-10-21,14
4,VULT,4,SOLAR,2017-02-19,3
2,EUDORA,1,CABELOS,2017-12-28,19
5,BELEZA NA WEB,1,CABELOS,2017-10-09,5
3,QUEM DISSE BERENICE,1,CABELOS,2017-09-06,19
2,EUDORA,3,MAQUIAGEM,2017-10-02,20
4,VULT,3,MAQUIAGEM,2017-11-05,16
5,BELEZA NA WEB,3,MAQUIAGEM,2017-10-05,11
2,EUDORA,1,CABELOS,2017-05-25,2
2,EUDORA,5,HIDRATANTES,2017-04-06,12
4,VULT,5,HIDRATANTES,2017-07-28,15
4,VULT,5,HIDRATANTES,2017-02-07,15
4,VULT,3,MAQUIAGEM,2017-01-27,4
3,QUEM DISSE BERENICE,5,HIDRATANTES,2017-03-22,18
3,QUEM DISSE BERENICE,1,CABELOS,2017-11-30,8
1,BOTICÁRIO,1,CABELOS,2017-10-21,20
5,BELEZA NA WEB,4,SOLAR,2017-04-16,5
5,BELEZA NA WEB,4,SOLAR,2017-11-07,14
1,BOTICÁRIO,1,CABELOS,2017-06-28,10
5,BELEZA NA WEB,2,PERFUMARIA,2017-12-05,4
3,QUEM DISSE BERENICE,2,PERFUMARIA,2017-06-21,6
2,EUDORA,3,MAQUIAGEM,2017-07-20,7
4,VULT,3,MAQUIAGEM,2017-04-29,8
3,QUEM DISSE BERENICE,5,HIDRATANTES,2017-09-02,19
4,VULT,4,SOLAR,2017-05-07,18
2,EUDORA,3,MAQUIAGEM,2017-12-26,8
1,BOTICÁRIO,4,SOLAR,2017-09-12,4
3,QUEM DISSE BERENICE,2,PERFUMARIA,2017-05-17,8
1,BOTICÁRIO,2,PERFUMARIA,2017-09-25,13
5,BELEZA NA WEB,4,SOLAR,2017-01-22,19
4,VULT,5,HIDRATANTES,2017-12-16,1
2,EUDORA,5,HIDRATANTES,2017-02-10,14
5,BELEZA NA WEB,1,CABELOS,2017-02-14,5
5,BELEZA NA WEB,5,HIDRATANTES,2017-03-02,2
4,VULT,3,MAQUIAGEM,2017-06-24,6
2,EUDORA,4,SOLAR,2017-08-05,19
3,QUEM DISSE BERENICE,1,CABELOS,2017-11-06,6
1,BOTICÁRIO,1,CABELOS,2017-02-26,16
3,QUEM DISSE BERENICE,1,CABELOS,2017-10-29,16
1,BOTICÁRIO,1,CABELOS,2017-09-07,12
5,BELEZA NA WEB,4,SOLAR,2017-02-28,17
3,QUEM DISSE BERENICE,4,SOLAR,2017-11-17,14
5,BELEZA NA WEB,5,HIDRATANTES,2017-01-08,2
2,EUDORA,5,HIDRATANTES,2017-04-04,3
2,EUDORA,1,CABELOS,2017-02-25,3
1,BOTICÁRIO,1,CABELOS,2017-05-06,3
1,BOTICÁRIO,5,HIDRATANTES,2017-03-03,19
3,QUEM DISSE BERENICE,2,PERFUMARIA,2017-04-02,1
5,BELEZA NA WEB,1,CABELOS,2017-12-23,6
3,QUEM DISSE BERENICE,4,SOLAR,2017-08-30,16
1,BOTICÁRIO,1,CABELOS,2017-06-09,16
5,BELEZA NA WEB,3,MAQUIAGEM,2017-10-16,17
4,VULT,5,HIDRATANTES,2017-07-06,15
3,QUEM DISSE BERENICE,5,HIDRATANTES,2017-04-14,15
4,VULT,3,MAQUIAGEM,2017-04-27,9
1,BOTICÁRIO,2,PERFUMARIA,2017-03-07,3
2,EUDORA,1,CABELOS,2017-08-25,6
2,EUDORA,1,CABELOS,2017-06-03,9
4,VULT,1,CABELOS,2017-09-11,11
4,VULT,2,PERFUMARIA,2017-04-02,7
5,BELEZA NA WEB,5,HIDRATANTES,2017-01-28,3
4,VULT,4,SOLAR,2017-11-27,1
2,EUDORA,2,PERFUMARIA,2017-11-08,18
1,BOTICÁRIO,4,SOLAR,2017-03-04,9
1,BOTICÁRIO,2,PERFUMARIA,2017-01-14,3
3,QUEM DISSE BERENICE,4,SOLAR,2017-12-01,14
4,VULT,2,PERFUMARIA,2017-01-09,12
5,BELEZA NA WEB,4,SOLAR,2017-02-15,8
4,VULT,4,SOLAR,2017-10-25,11
4,VULT,1,CABELOS,2017-11-30,11
5,BELEZA NA WEB,2,PERFUMARIA,2017-11-23,15
3,QUEM DISSE BERENICE,3,MAQUIAGEM,2017-06-21,8
4,VULT,4,SOLAR,2017-12-22,3
5,BELEZA NA WEB,4,SOLAR,2017-09-27,4
5,BELEZA NA WEB,4,SOLAR,2017-12-29,8
4,VULT,5,HIDRATANTES,2017-02-13,19
1,BOTICÁRIO,4,SOLAR,2017-12-21,3
2,EUDORA,2,PERFUMARIA,2017-01-25,15
2,EUDORA,5,HIDRATANTES,2017-01-31,7
2,EUDORA,4,SOLAR,2017-05-23,17
3,QUEM DISSE BERENICE,4,SOLAR,2017-01-27,9
1,BOTICÁRIO,4,SOLAR,2017-02-17,1
5,BELEZA NA WEB,2,PERFUMARIA,2017-08-22,1
5,BELEZA NA WEB,5,HIDRATANTES,2017-08-11,16
3,QUEM DISSE BERENICE,3,MAQUIAGEM,2017-08-03,16
1,BOTICÁRIO,2,PERFUMARIA,2017-10-01,3
4,VULT,1,CABELOS,2017-04-01,2
3,QUEM DISSE BERENICE,2,PERFUMARIA,2017-09-28,12
